BackpackUsed,qPCRMethod,StreamOrder,Site,SiteID,BioRep,TechRep,IPCGreen,IPCRed,Creek,Month,eFish,cumulativeLength,lat,lon,elevation,prior_rain_yn,raining_yn,overcast_yn,sunny,partialcloud_yn,AirTemp,WaterTemp,pH,DO_mgL,canopy_cover,flow_velocity,conductivity_mS,dom_substrate_code,sec_substrate_code,volume_filtered
OSMOS,Biomeme,2,1,E8-2,1,1,35.84,27.92,Hanlon,September,0,0,43.5013889,-80.22833333,310,1,0,1,,0,14,14.7,8.05,9.9,15,,1046,1,2,1.34
OSMOS,Biomeme,2,1,E8-2,1,2,36.12,28.38,Hanlon,September,0,0,43.5013889,-80.22833333,310,1,0,1,,0,14,14.7,8.05,9.9,15,,1046,1,2,1.34
OSMOS,Biomeme,2,1,E8-2,1,3,34.12,27.5,Hanlon,September,0,0,43.5013889,-80.22833333,310,1,0,1,,0,14,14.7,8.05,9.9,15,,1046,1,2,1.34
OSMOS,Biomeme,2,1,E8-2,2,1,38.23,28.3,Hanlon,September,0,0,43.5013889,-80.22833333,310,1,0,1,,0,14,14.7,8.05,9.9,15,,1046,1,2,1.03
OSMOS,Biomeme,2,1,E8-2,2,2,35.18,27.81,Hanlon,September,0,0,43.5013889,-80.22833333,310,1,0,1,,0,14,14.7,8.05,9.9,15,,1046,1,2,1.03
OSMOS,Biomeme,2,1,E8-2,2,3,37.43,28.14,Hanlon,September,0,0,43.5013889,-80.22833333,310,1,0,1,,0,14,14.7,8.05,9.9,15,,1046,1,2,1.03
OSMOS,MIC,2,1,E8-2,1,1,33.62,26.48,Hanlon,September,0,0,43.5013889,-80.22833333,310,1,0,1,,0,14,14.7,8.05,9.9,15,,1046,1,2,1.34
OSMOS,MIC,2,1,E8-2,1,2,33.26,26.29,Hanlon,September,0,0,43.5013889,-80.22833333,310,1,0,1,,0,14,14.7,8.05,9.9,15,,1046,1,2,1.34
OSMOS,MIC,2,1,E8-2,1,3,33.16,26.53,Hanlon,September,0,0,43.5013889,-80.22833333,310,1,0,1,,0,14,14.7,8.05,9.9,15,,1046,1,2,1.34
OSMOS,MIC,2,1,E8-2,1,4,33.09,28.33,Hanlon,September,0,0,43.5013889,-80.22833333,310,1,0,1,,0,14,14.7,8.05,9.9,15,,1046,1,2,1.34
OSMOS,MIC,2,1,E8-2,1,5,34.54,28.47,Hanlon,September,0,0,43.5013889,-80.22833333,310,1,0,1,,0,14,14.7,8.05,9.9,15,,1046,1,2,1.34
OSMOS,MIC,2,1,E8-2,1,6,33.27,28.55,Hanlon,September,0,0,43.5013889,-80.22833333,310,1,0,1,,0,14,14.7,8.05,9.9,15,,1046,1,2,1.34
OSMOS,MIC,2,1,E8-2,2,1,0.00,26.61,Hanlon,September,0,0,43.5013889,-80.22833333,310,1,0,1,,0,14,14.7,8.05,9.9,15,,1046,1,2,1.03
OSMOS,MIC,2,1,E8-2,2,2,0.00,26.60,Hanlon,September,0,0,43.5013889,-80.22833333,310,1,0,1,,0,14,14.7,8.05,9.9,15,,1046,1,2,1.03
OSMOS,MIC,2,1,E8-2,2,3,33.24,26.49,Hanlon,September,0,0,43.5013889,-80.22833333,310,1,0,1,,0,14,14.7,8.05,9.9,15,,1046,1,2,1.03
OSMOS,MIC,2,1,E8-2,2,4,0.00,28.77,Hanlon,September,0,0,43.5013889,-80.22833333,310,1,0,1,,0,14,14.7,8.05,9.9,15,,1046,1,2,1.03
OSMOS,MIC,2,1,E8-2,2,5,0.00,28.66,Hanlon,September,0,0,43.5013889,-80.22833333,310,1,0,1,,0,14,14.7,8.05,9.9,15,,1046,1,2,1.03
OSMOS,MIC,2,1,E8-2,2,6,0.00,28.51,Hanlon,September,0,0,43.5013889,-80.22833333,310,1,0,1,,0,14,14.7,8.05,9.9,15,,1046,1,2,1.03
ANDe,Biomeme,2,1,E8-2,1,1,0,0,Hanlon,September,0,0,43.5013889,-80.22833333,310,1,0,1,,0,14,14.7,8.05,9.9,15,,1046,1,2,1.26
ANDe,Biomeme,2,1,E8-2,1,2,0,34.88,Hanlon,September,0,0,43.5013889,-80.22833333,310,1,0,1,,0,14,14.7,8.05,9.9,15,,1046,1,2,1.26
ANDe,Biomeme,2,1,E8-2,1,3,0,0,Hanlon,September,0,0,43.5013889,-80.22833333,310,1,0,1,,0,14,14.7,8.05,9.9,15,,1046,1,2,1.26
ANDe,Biomeme,2,1,E8-2,2,1,0,0,Hanlon,September,0,0,43.5013889,-80.22833333,310,1,0,1,,0,14,14.7,8.05,9.9,15,,1046,1,2,1.24
ANDe,Biomeme,2,1,E8-2,2,2,0,0,Hanlon,September,0,0,43.5013889,-80.22833333,310,1,0,1,,0,14,14.7,8.05,9.9,15,,1046,1,2,1.24
ANDe,Biomeme,2,1,E8-2,2,3,0,0,Hanlon,September,0,0,43.5013889,-80.22833333,310,1,0,1,,0,14,14.7,8.05,9.9,15,,1046,1,2,1.24
ANDe,MIC,2,1,E8-2,1,1,37.2062822,0,Hanlon,September,0,0,43.5013889,-80.22833333,310,1,0,1,,0,14,14.7,8.05,9.9,15,,1046,1,2,1.26
ANDe,MIC,2,1,E8-2,1,2,38.0456069,0,Hanlon,September,0,0,43.5013889,-80.22833333,310,1,0,1,,0,14,14.7,8.05,9.9,15,,1046,1,2,1.26
ANDe,MIC,2,1,E8-2,1,3,0,0,Hanlon,September,0,0,43.5013889,-80.22833333,310,1,0,1,,0,14,14.7,8.05,9.9,15,,1046,1,2,1.26
ANDe,MIC,2,1,E8-2,1,4,0,0,Hanlon,September,0,0,43.5013889,-80.22833333,310,1,0,1,,0,14,14.7,8.05,9.9,15,,1046,1,2,1.26
ANDe,MIC,2,1,E8-2,1,5,0,0,Hanlon,September,0,0,43.5013889,-80.22833333,310,1,0,1,,0,14,14.7,8.05,9.9,15,,1046,1,2,1.26
ANDe,MIC,2,1,E8-2,1,6,0,0,Hanlon,September,0,0,43.5013889,-80.22833333,310,1,0,1,,0,14,14.7,8.05,9.9,15,,1046,1,2,1.26
ANDe,MIC,2,1,E8-2,2,1,0,0,Hanlon,September,0,0,43.5013889,-80.22833333,310,1,0,1,,0,14,14.7,8.05,9.9,15,,1046,1,2,1.24
ANDe,MIC,2,1,E8-2,2,2,0,0,Hanlon,September,0,0,43.5013889,-80.22833333,310,1,0,1,,0,14,14.7,8.05,9.9,15,,1046,1,2,1.24
ANDe,MIC,2,1,E8-2,2,3,0,0,Hanlon,September,0,0,43.5013889,-80.22833333,310,1,0,1,,0,14,14.7,8.05,9.9,15,,1046,1,2,1.24
ANDe,MIC,2,1,E8-2,2,4,0,0,Hanlon,September,0,0,43.5013889,-80.22833333,310,1,0,1,,0,14,14.7,8.05,9.9,15,,1046,1,2,1.24
ANDe,MIC,2,1,E8-2,2,5,0,0,Hanlon,September,0,0,43.5013889,-80.22833333,310,1,0,1,,0,14,14.7,8.05,9.9,15,,1046,1,2,1.24
ANDe,MIC,2,1,E8-2,2,6,0,0,Hanlon,September,0,0,43.5013889,-80.22833333,310,1,0,1,,0,14,14.7,8.05,9.9,15,,1046,1,2,1.24
OSMOS,Biomeme,1,2,E8-1,1,1,0,28.16,Hanlon,September,1,140,43.505,-80.21944444,310,1,0,1,,0,14,14.7,8.04,8.34,60,,1047,2,1,1.01
OSMOS,Biomeme,1,2,E8-1,1,2,33.42,27.03,Hanlon,September,1,140,43.505,-80.21944444,310,1,0,1,,0,14,14.7,8.04,8.34,60,,1047,2,1,1.01
OSMOS,Biomeme,1,2,E8-1,1,3,33.17,28.12,Hanlon,September,1,140,43.505,-80.21944444,310,1,0,1,,0,14,14.7,8.04,8.34,60,,1047,2,1,1.01
OSMOS,Biomeme,1,2,E8-1,2,1,0,28.43,Hanlon,September,1,140,43.505,-80.21944444,310,1,0,1,,0,14,14.7,8.04,8.34,60,,1047,2,1,0.98
OSMOS,Biomeme,1,2,E8-1,2,2,9.12,28.63,Hanlon,September,1,140,43.505,-80.21944444,310,1,0,1,,0,14,14.7,8.04,8.34,60,,1047,2,1,0.98
OSMOS,Biomeme,1,2,E8-1,2,3,35.77,27.48,Hanlon,September,1,140,43.505,-80.21944444,310,1,0,1,,0,14,14.7,8.04,8.34,60,,1047,2,1,0.98
OSMOS,MIC,1,2,E8-1,1,1,32.5973366,26.24184151,Hanlon,September,1,140,43.505,-80.21944444,310,1,0,1,,0,14,14.7,8.04,8.34,60,,1047,2,1,1.01
OSMOS,MIC,1,2,E8-1,1,2,33.1194374,26.3011289,Hanlon,September,1,140,43.505,-80.21944444,310,1,0,1,,0,14,14.7,8.04,8.34,60,,1047,2,1,1.01
OSMOS,MIC,1,2,E8-1,1,3,33.2605395,26.32504715,Hanlon,September,1,140,43.505,-80.21944444,310,1,0,1,,0,14,14.7,8.04,8.34,60,,1047,2,1,1.01
OSMOS,MIC,1,2,E8-1,1,4,35.1042139,28.51995473,Hanlon,September,1,140,43.505,-80.21944444,310,1,0,1,,0,14,14.7,8.04,8.34,60,,1047,2,1,1.01
OSMOS,MIC,1,2,E8-1,1,5,35.1534592,28.347032,Hanlon,September,1,140,43.505,-80.21944444,310,1,0,1,,0,14,14.7,8.04,8.34,60,,1047,2,1,1.01
OSMOS,MIC,1,2,E8-1,1,6,33.61193104,28.42772031,Hanlon,September,1,140,43.505,-80.21944444,310,1,0,1,,0,14,14.7,8.04,8.34,60,,1047,2,1,1.01
OSMOS,MIC,1,2,E8-1,2,1,33.7272016,26.55000145,Hanlon,September,1,140,43.505,-80.21944444,310,1,0,1,,0,14,14.7,8.04,8.34,60,,1047,2,1,0.98
OSMOS,MIC,1,2,E8-1,2,2,33.5020385,26.54484318,Hanlon,September,1,140,43.505,-80.21944444,310,1,0,1,,0,14,14.7,8.04,8.34,60,,1047,2,1,0.98
OSMOS,MIC,1,2,E8-1,2,3,35.2144712,26.36012794,Hanlon,September,1,140,43.505,-80.21944444,310,1,0,1,,0,14,14.7,8.04,8.34,60,,1047,2,1,0.98
OSMOS,MIC,1,2,E8-1,2,4,34.07183058,28.89445685,Hanlon,September,1,140,43.505,-80.21944444,310,1,0,1,,0,14,14.7,8.04,8.34,60,,1047,2,1,0.98
OSMOS,MIC,1,2,E8-1,2,5,34.81913235,28.48609252,Hanlon,September,1,140,43.505,-80.21944444,310,1,0,1,,0,14,14.7,8.04,8.34,60,,1047,2,1,0.98
OSMOS,MIC,1,2,E8-1,2,6,35.70620184,28.4489272,Hanlon,September,1,140,43.505,-80.21944444,310,1,0,1,,0,14,14.7,8.04,8.34,60,,1047,2,1,0.98
ANDe,Biomeme,1,2,E8-1,1,1,0,0,Hanlon,September,1,140,43.505,-80.21944444,310,1,0,1,,0,14,14.7,8.04,8.34,60,,1047,2,1,1.26
ANDe,Biomeme,1,2,E8-1,1,2,0,0,Hanlon,September,1,140,43.505,-80.21944444,310,1,0,1,,0,14,14.7,8.04,8.34,60,,1047,2,1,1.26
ANDe,Biomeme,1,2,E8-1,1,3,0,0,Hanlon,September,1,140,43.505,-80.21944444,310,1,0,1,,0,14,14.7,8.04,8.34,60,,1047,2,1,1.26
ANDe,Biomeme,1,2,E8-1,2,1,0,27.88,Hanlon,September,1,140,43.505,-80.21944444,310,1,0,1,,0,14,14.7,8.04,8.34,60,,1047,2,1,1.09
ANDe,Biomeme,1,2,E8-1,2,2,29.07,27.07,Hanlon,September,1,140,43.505,-80.21944444,310,1,0,1,,0,14,14.7,8.04,8.34,60,,1047,2,1,1.09
ANDe,Biomeme,1,2,E8-1,2,3,29.54,28.08,Hanlon,September,1,140,43.505,-80.21944444,310,1,0,1,,0,14,14.7,8.04,8.34,60,,1047,2,1,1.09
ANDe,MIC,1,2,E8-1,1,1,37.5114103,37.13884018,Hanlon,September,1,140,43.505,-80.21944444,310,1,0,1,,0,14,14.7,8.04,8.34,60,,1047,2,1,1.26
ANDe,MIC,1,2,E8-1,1,2,0,36.91457535,Hanlon,September,1,140,43.505,-80.21944444,310,1,0,1,,0,14,14.7,8.04,8.34,60,,1047,2,1,1.26
ANDe,MIC,1,2,E8-1,1,3,0,0,Hanlon,September,1,140,43.505,-80.21944444,310,1,0,1,,0,14,14.7,8.04,8.34,60,,1047,2,1,1.26
ANDe,MIC,1,2,E8-1,1,4,0,0,Hanlon,September,1,140,43.505,-80.21944444,310,1,0,1,,0,14,14.7,8.04,8.34,60,,1047,2,1,1.26
ANDe,MIC,1,2,E8-1,1,5,0,0,Hanlon,September,1,140,43.505,-80.21944444,310,1,0,1,,0,14,14.7,8.04,8.34,60,,1047,2,1,1.26
ANDe,MIC,1,2,E8-1,1,6,0,0,Hanlon,September,1,140,43.505,-80.21944444,310,1,0,1,,0,14,14.7,8.04,8.34,60,,1047,2,1,1.26
ANDe,MIC,1,2,E8-1,2,1,31.5484903,26.22976257,Hanlon,September,1,140,43.505,-80.21944444,310,1,0,1,,0,14,14.7,8.04,8.34,60,,1047,2,1,1.09
ANDe,MIC,1,2,E8-1,2,2,31.9285958,26.1344939,Hanlon,September,1,140,43.505,-80.21944444,310,1,0,1,,0,14,14.7,8.04,8.34,60,,1047,2,1,1.09
ANDe,MIC,1,2,E8-1,2,3,31.6165075,26.17612361,Hanlon,September,1,140,43.505,-80.21944444,310,1,0,1,,0,14,14.7,8.04,8.34,60,,1047,2,1,1.09
ANDe,MIC,1,2,E8-1,2,4,32.30678249,28.40444599,Hanlon,September,1,140,43.505,-80.21944444,310,1,0,1,,0,14,14.7,8.04,8.34,60,,1047,2,1,1.09
ANDe,MIC,1,2,E8-1,2,5,33.18633087,28.66481809,Hanlon,September,1,140,43.505,-80.21944444,310,1,0,1,,0,14,14.7,8.04,8.34,60,,1047,2,1,1.09
ANDe,MIC,1,2,E8-1,2,6,34.14576607,28.02795069,Hanlon,September,1,140,43.505,-80.21944444,310,1,0,1,,0,14,14.7,8.04,8.34,60,,1047,2,1,1.09
OSMOS,Biomeme,1,3,F5-1,1,1,0,27.73,Hanlon,September,2,255,43.5061111,-80.22055556,320,1,0,1,,0,14,12.7,7.74,8.07,60,,950,1,3,1.83
OSMOS,Biomeme,1,3,F5-1,1,2,0,33.57,Hanlon,September,2,255,43.5061111,-80.22055556,320,1,0,1,,0,14,12.7,7.74,8.07,60,,950,1,3,1.83
OSMOS,Biomeme,1,3,F5-1,1,3,0,28.48,Hanlon,September,2,255,43.5061111,-80.22055556,320,1,0,1,,0,14,12.7,7.74,8.07,60,,950,1,3,1.83
OSMOS,Biomeme,1,3,F5-1,2,1,0,28.29,Hanlon,September,2,255,43.5061111,-80.22055556,320,1,0,1,,0,14,12.7,7.74,8.07,60,,950,1,3,0.98
OSMOS,Biomeme,1,3,F5-1,2,2,0,28.3,Hanlon,September,2,255,43.5061111,-80.22055556,320,1,0,1,,0,14,12.7,7.74,8.07,60,,950,1,3,0.98
OSMOS,Biomeme,1,3,F5-1,2,3,0,28.58,Hanlon,September,2,255,43.5061111,-80.22055556,320,1,0,1,,0,14,12.7,7.74,8.07,60,,950,1,3,0.98
OSMOS,MIC,1,3,F5-1,1,1,0,26.82895942,Hanlon,September,2,255,43.5061111,-80.22055556,320,1,0,1,,0,14,12.7,7.74,8.07,60,,950,1,3,1.83
OSMOS,MIC,1,3,F5-1,1,2,0,26.65113659,Hanlon,September,2,255,43.5061111,-80.22055556,320,1,0,1,,0,14,12.7,7.74,8.07,60,,950,1,3,1.83
OSMOS,MIC,1,3,F5-1,1,3,0,26.58447784,Hanlon,September,2,255,43.5061111,-80.22055556,320,1,0,1,,0,14,12.7,7.74,8.07,60,,950,1,3,1.83
OSMOS,MIC,1,3,F5-1,1,4,0,28.70029551,Hanlon,September,2,255,43.5061111,-80.22055556,320,1,0,1,,0,14,12.7,7.74,8.07,60,,950,1,3,1.83
OSMOS,MIC,1,3,F5-1,1,5,0,28.50669236,Hanlon,September,2,255,43.5061111,-80.22055556,320,1,0,1,,0,14,12.7,7.74,8.07,60,,950,1,3,1.83
OSMOS,MIC,1,3,F5-1,1,6,0,28.55248806,Hanlon,September,2,255,43.5061111,-80.22055556,320,1,0,1,,0,14,12.7,7.74,8.07,60,,950,1,3,1.83
OSMOS,MIC,1,3,F5-1,2,1,33.8999772,26.26925399,Hanlon,September,2,255,43.5061111,-80.22055556,320,1,0,1,,0,14,12.7,7.74,8.07,60,,950,1,3,0.98
OSMOS,MIC,1,3,F5-1,2,2,35.3231493,26.32451716,Hanlon,September,2,255,43.5061111,-80.22055556,320,1,0,1,,0,14,12.7,7.74,8.07,60,,950,1,3,0.98
OSMOS,MIC,1,3,F5-1,2,3,35.9600598,26.43998833,Hanlon,September,2,255,43.5061111,-80.22055556,320,1,0,1,,0,14,12.7,7.74,8.07,60,,950,1,3,0.98
OSMOS,MIC,1,3,F5-1,2,4,38.04505237,28.52812002,Hanlon,September,2,255,43.5061111,-80.22055556,320,1,0,1,,0,14,12.7,7.74,8.07,60,,950,1,3,0.98
OSMOS,MIC,1,3,F5-1,2,5,0,28.55809175,Hanlon,September,2,255,43.5061111,-80.22055556,320,1,0,1,,0,14,12.7,7.74,8.07,60,,950,1,3,0.98
OSMOS,MIC,1,3,F5-1,2,6,36.17572997,28.23930206,Hanlon,September,2,255,43.5061111,-80.22055556,320,1,0,1,,0,14,12.7,7.74,8.07,60,,950,1,3,0.98
ANDe,Biomeme,1,3,F5-1,1,1,36.96,28.28,Hanlon,September,2,255,43.5061111,-80.22055556,320,1,0,1,,0,14,12.7,7.74,8.07,60,,950,1,3,1.05
ANDe,Biomeme,1,3,F5-1,1,2,35.47,27.75,Hanlon,September,2,255,43.5061111,-80.22055556,320,1,0,1,,0,14,12.7,7.74,8.07,60,,950,1,3,1.05
ANDe,Biomeme,1,3,F5-1,1,3,33.45,27.2,Hanlon,September,2,255,43.5061111,-80.22055556,320,1,0,1,,0,14,12.7,7.74,8.07,60,,950,1,3,1.05
ANDe,Biomeme,1,3,F5-1,2,1,0,31.17,Hanlon,September,2,255,43.5061111,-80.22055556,320,1,0,1,,0,14,12.7,7.74,8.07,60,,950,1,3,1.05
ANDe,Biomeme,1,3,F5-1,2,2,37.07,27.23,Hanlon,September,2,255,43.5061111,-80.22055556,320,1,0,1,,0,14,12.7,7.74,8.07,60,,950,1,3,1.05
ANDe,Biomeme,1,3,F5-1,2,3,37.18,28.08,Hanlon,September,2,255,43.5061111,-80.22055556,320,1,0,1,,0,14,12.7,7.74,8.07,60,,950,1,3,1.05
ANDe,MIC,1,3,F5-1,1,1,35.1080224,26.48295909,Hanlon,September,2,255,43.5061111,-80.22055556,320,1,0,1,,0,14,12.7,7.74,8.07,60,,950,1,3,1.05
ANDe,MIC,1,3,F5-1,1,2,33.6834243,26.63796332,Hanlon,September,2,255,43.5061111,-80.22055556,320,1,0,1,,0,14,12.7,7.74,8.07,60,,950,1,3,1.05
ANDe,MIC,1,3,F5-1,1,3,36.2167451,26.46554524,Hanlon,September,2,255,43.5061111,-80.22055556,320,1,0,1,,0,14,12.7,7.74,8.07,60,,950,1,3,1.05
ANDe,MIC,1,3,F5-1,1,4,36.81844489,28.37067696,Hanlon,September,2,255,43.5061111,-80.22055556,320,1,0,1,,0,14,12.7,7.74,8.07,60,,950,1,3,1.05
ANDe,MIC,1,3,F5-1,1,5,35.09547413,28.64080037,Hanlon,September,2,255,43.5061111,-80.22055556,320,1,0,1,,0,14,12.7,7.74,8.07,60,,950,1,3,1.05
ANDe,MIC,1,3,F5-1,1,6,35.58103659,28.43785745,Hanlon,September,2,255,43.5061111,-80.22055556,320,1,0,1,,0,14,12.7,7.74,8.07,60,,950,1,3,1.05
ANDe,MIC,1,3,F5-1,2,1,33.7931532,26.48680897,Hanlon,September,2,255,43.5061111,-80.22055556,320,1,0,1,,0,14,12.7,7.74,8.07,60,,950,1,3,1.05
ANDe,MIC,1,3,F5-1,2,2,33.8230618,26.50741155,Hanlon,September,2,255,43.5061111,-80.22055556,320,1,0,1,,0,14,12.7,7.74,8.07,60,,950,1,3,1.05
ANDe,MIC,1,3,F5-1,2,3,34.9991254,26.37856169,Hanlon,September,2,255,43.5061111,-80.22055556,320,1,0,1,,0,14,12.7,7.74,8.07,60,,950,1,3,1.05
ANDe,MIC,1,3,F5-1,2,4,33.58533728,28.28150531,Hanlon,September,2,255,43.5061111,-80.22055556,320,1,0,1,,0,14,12.7,7.74,8.07,60,,950,1,3,1.05
ANDe,MIC,1,3,F5-1,2,5,34.58651079,28.6260701,Hanlon,September,2,255,43.5061111,-80.22055556,320,1,0,1,,0,14,12.7,7.74,8.07,60,,950,1,3,1.05
ANDe,MIC,1,3,F5-1,2,6,33.81314043,28.53504537,Hanlon,September,2,255,43.5061111,-80.22055556,320,1,0,1,,0,14,12.7,7.74,8.07,60,,950,1,3,1.05
OSMOS,Biomeme,1,4,E5-1,1,1,0,28.29,Hanlon,September,10,1378,43.5061111,-80.21583333,340,1,0,0,,1,20,15.4,8.09,10.94,60,,1136,1,4,0.95
OSMOS,Biomeme,1,4,E5-1,1,2,0,28.3,Hanlon,September,10,1378,43.5061111,-80.21583333,340,1,0,0,,1,20,15.4,8.09,10.94,60,,1136,1,4,0.95
OSMOS,Biomeme,1,4,E5-1,1,3,0,28.58,Hanlon,September,10,1378,43.5061111,-80.21583333,340,1,0,0,,1,20,15.4,8.09,10.94,60,,1136,1,4,0.95
OSMOS,Biomeme,1,4,E5-1,2,1,0,35.33,Hanlon,September,10,1378,43.5061111,-80.21583333,340,1,0,0,,1,20,15.4,8.09,10.94,60,,1136,1,4,0.98
OSMOS,Biomeme,1,4,E5-1,2,2,0,30.29,Hanlon,September,10,1378,43.5061111,-80.21583333,340,1,0,0,,1,20,15.4,8.09,10.94,60,,1136,1,4,0.98
OSMOS,Biomeme,1,4,E5-1,2,3,0,32.18,Hanlon,September,10,1378,43.5061111,-80.21583333,340,1,0,0,,1,20,15.4,8.09,10.94,60,,1136,1,4,0.98
OSMOS,MIC,1,4,E5-1,1,1,34.3937919,26.75905991,Hanlon,September,10,1378,43.5061111,-80.21583333,340,1,0,0,,1,20,15.4,8.09,10.94,60,,1136,1,4,0.95
OSMOS,MIC,1,4,E5-1,1,2,0,26.78216939,Hanlon,September,10,1378,43.5061111,-80.21583333,340,1,0,0,,1,20,15.4,8.09,10.94,60,,1136,1,4,0.95
OSMOS,MIC,1,4,E5-1,1,3,35.2967357,26.79009814,Hanlon,September,10,1378,43.5061111,-80.21583333,340,1,0,0,,1,20,15.4,8.09,10.94,60,,1136,1,4,0.95
OSMOS,MIC,1,4,E5-1,1,4,0,28.81091801,Hanlon,September,10,1378,43.5061111,-80.21583333,340,1,0,0,,1,20,15.4,8.09,10.94,60,,1136,1,4,0.95
OSMOS,MIC,1,4,E5-1,1,5,34.60455215,28.62961966,Hanlon,September,10,1378,43.5061111,-80.21583333,340,1,0,0,,1,20,15.4,8.09,10.94,60,,1136,1,4,0.95
OSMOS,MIC,1,4,E5-1,1,6,0,28.77003108,Hanlon,September,10,1378,43.5061111,-80.21583333,340,1,0,0,,1,20,15.4,8.09,10.94,60,,1136,1,4,0.95
OSMOS,MIC,1,4,E5-1,2,1,32.3697545,26.16461667,Hanlon,September,10,1378,43.5061111,-80.21583333,340,1,0,0,,1,20,15.4,8.09,10.94,60,,1136,1,4,0.98
OSMOS,MIC,1,4,E5-1,2,2,34.95313273,28.31248688,Hanlon,September,10,1378,43.5061111,-80.21583333,340,1,0,0,,1,20,15.4,8.09,10.94,60,,1136,1,4,0.98
OSMOS,MIC,1,4,E5-1,2,3,35.0896807,28.24302294,Hanlon,September,10,1378,43.5061111,-80.21583333,340,1,0,0,,1,20,15.4,8.09,10.94,60,,1136,1,4,0.98
OSMOS,MIC,1,4,E5-1,2,4,34.13386508,28.17336666,Hanlon,September,10,1378,43.5061111,-80.21583333,340,1,0,0,,1,20,15.4,8.09,10.94,60,,1136,1,4,0.98
OSMOS,MIC,1,4,E5-1,2,5,33.82085177,28.27008107,Hanlon,September,10,1378,43.5061111,-80.21583333,340,1,0,0,,1,20,15.4,8.09,10.94,60,,1136,1,4,0.98
OSMOS,MIC,1,4,E5-1,2,6,34.32132132,28.27652379,Hanlon,September,10,1378,43.5061111,-80.21583333,340,1,0,0,,1,20,15.4,8.09,10.94,60,,1136,1,4,0.98
ANDe,Biomeme,1,4,E5-1,1,1,34.03,27.1,Hanlon,September,10,1378,43.5061111,-80.21583333,340,1,0,0,,1,20,15.4,8.09,10.94,60,,1136,1,4,1.1
ANDe,Biomeme,1,4,E5-1,1,2,36.01,28.62,Hanlon,September,10,1378,43.5061111,-80.21583333,340,1,0,0,,1,20,15.4,8.09,10.94,60,,1136,1,4,1.1
ANDe,Biomeme,1,4,E5-1,1,3,36.98,28.4,Hanlon,September,10,1378,43.5061111,-80.21583333,340,1,0,0,,1,20,15.4,8.09,10.94,60,,1136,1,4,1.1
ANDe,Biomeme,1,4,E5-1,2,1,0,0,Hanlon,September,10,1378,43.5061111,-80.21583333,340,1,0,0,,1,20,15.4,8.09,10.94,60,,1136,1,4,1.02
ANDe,Biomeme,1,4,E5-1,2,2,0,0,Hanlon,September,10,1378,43.5061111,-80.21583333,340,1,0,0,,1,20,15.4,8.09,10.94,60,,1136,1,4,1.02
ANDe,Biomeme,1,4,E5-1,2,3,0,0,Hanlon,September,10,1378,43.5061111,-80.21583333,340,1,0,0,,1,20,15.4,8.09,10.94,60,,1136,1,4,1.02
ANDe,MIC,1,4,E5-1,1,1,35.1989171,26.58748885,Hanlon,September,10,1378,43.5061111,-80.21583333,340,1,0,0,,1,20,15.4,8.09,10.94,60,,1136,1,4,1.1
ANDe,MIC,1,4,E5-1,1,2,34.7265652,26.73891236,Hanlon,September,10,1378,43.5061111,-80.21583333,340,1,0,0,,1,20,15.4,8.09,10.94,60,,1136,1,4,1.1
ANDe,MIC,1,4,E5-1,1,3,34.1123585,26.64300873,Hanlon,September,10,1378,43.5061111,-80.21583333,340,1,0,0,,1,20,15.4,8.09,10.94,60,,1136,1,4,1.1
ANDe,MIC,1,4,E5-1,1,4,34.02717894,28.70880951,Hanlon,September,10,1378,43.5061111,-80.21583333,340,1,0,0,,1,20,15.4,8.09,10.94,60,,1136,1,4,1.1
ANDe,MIC,1,4,E5-1,1,5,33.14940151,28.71108357,Hanlon,September,10,1378,43.5061111,-80.21583333,340,1,0,0,,1,20,15.4,8.09,10.94,60,,1136,1,4,1.1
ANDe,MIC,1,4,E5-1,1,6,33.53460649,28.75088134,Hanlon,September,10,1378,43.5061111,-80.21583333,340,1,0,0,,1,20,15.4,8.09,10.94,60,,1136,1,4,1.1
ANDe,MIC,1,4,E5-1,2,1,0,26.44394168,Hanlon,September,10,1378,43.5061111,-80.21583333,340,1,0,0,,1,20,15.4,8.09,10.94,60,,1136,1,4,1.02
ANDe,MIC,1,4,E5-1,2,2,0,26.48520044,Hanlon,September,10,1378,43.5061111,-80.21583333,340,1,0,0,,1,20,15.4,8.09,10.94,60,,1136,1,4,1.02
ANDe,MIC,1,4,E5-1,2,3,33.8366897,26.61434783,Hanlon,September,10,1378,43.5061111,-80.21583333,340,1,0,0,,1,20,15.4,8.09,10.94,60,,1136,1,4,1.02
ANDe,MIC,1,4,E5-1,2,4,35.4336315,29.89844084,Hanlon,September,10,1378,43.5061111,-80.21583333,340,1,0,0,,1,20,15.4,8.09,10.94,60,,1136,1,4,1.02
ANDe,MIC,1,4,E5-1,2,5,0,29.56366614,Hanlon,September,10,1378,43.5061111,-80.21583333,340,1,0,0,,1,20,15.4,8.09,10.94,60,,1136,1,4,1.02
ANDe,MIC,1,4,E5-1,2,6,36.96903012,29.399409,Hanlon,September,10,1378,43.5061111,-80.21583333,340,1,0,0,,1,20,15.4,8.09,10.94,60,,1136,1,4,1.02
OSMOS,Biomeme,1,5,E4,1,1,34.07,27.84,Hanlon,September,2,230,43.5055556,-80.21222222,330,1,0,0,,1,20,15.6,8.02,10.54,50,,1375,4,1,1.05
OSMOS,Biomeme,1,5,E4,1,2,33.6,27.22,Hanlon,September,2,230,43.5055556,-80.21222222,330,1,0,0,,1,20,15.6,8.02,10.54,50,,1375,4,1,1.05
OSMOS,Biomeme,1,5,E4,1,3,35.43,28.07,Hanlon,September,2,230,43.5055556,-80.21222222,330,1,0,0,,1,20,15.6,8.02,10.54,50,,1375,4,1,1.05
OSMOS,Biomeme,1,5,E4,2,1,33.2,28.16,Hanlon,September,2,230,43.5055556,-80.21222222,330,1,0,0,,1,20,15.6,8.02,10.54,50,,1375,4,1,1.04
OSMOS,Biomeme,1,5,E4,2,2,36.98,27.6,Hanlon,September,2,230,43.5055556,-80.21222222,330,1,0,0,,1,20,15.6,8.02,10.54,50,,1375,4,1,1.04
OSMOS,Biomeme,1,5,E4,2,3,0,28.28,Hanlon,September,2,230,43.5055556,-80.21222222,330,1,0,0,,1,20,15.6,8.02,10.54,50,,1375,4,1,1.04
OSMOS,MIC,1,5,E4,1,1,34.5729068,28.27427106,Hanlon,September,2,230,43.5055556,-80.21222222,330,1,0,0,,1,20,15.6,8.02,10.54,50,,1375,4,1,1.05
OSMOS,MIC,1,5,E4,1,2,33.53707143,28.21193522,Hanlon,September,2,230,43.5055556,-80.21222222,330,1,0,0,,1,20,15.6,8.02,10.54,50,,1375,4,1,1.05
OSMOS,MIC,1,5,E4,1,3,33.96955282,28.40488536,Hanlon,September,2,230,43.5055556,-80.21222222,330,1,0,0,,1,20,15.6,8.02,10.54,50,,1375,4,1,1.05
OSMOS,MIC,1,5,E4,1,4,34.38365377,28.29710197,Hanlon,September,2,230,43.5055556,-80.21222222,330,1,0,0,,1,20,15.6,8.02,10.54,50,,1375,4,1,1.05
OSMOS,MIC,1,5,E4,1,5,32.83926158,28.38941782,Hanlon,September,2,230,43.5055556,-80.21222222,330,1,0,0,,1,20,15.6,8.02,10.54,50,,1375,4,1,1.05
OSMOS,MIC,1,5,E4,1,6,35.11869796,28.19528016,Hanlon,September,2,230,43.5055556,-80.21222222,330,1,0,0,,1,20,15.6,8.02,10.54,50,,1375,4,1,1.05
OSMOS,MIC,1,5,E4,2,1,35.18976442,28.56116923,Hanlon,September,2,230,43.5055556,-80.21222222,330,1,0,0,,1,20,15.6,8.02,10.54,50,,1375,4,1,1.04
OSMOS,MIC,1,5,E4,2,2,35.2587757,28.41181623,Hanlon,September,2,230,43.5055556,-80.21222222,330,1,0,0,,1,20,15.6,8.02,10.54,50,,1375,4,1,1.04
OSMOS,MIC,1,5,E4,2,3,35.26423575,28.2812506,Hanlon,September,2,230,43.5055556,-80.21222222,330,1,0,0,,1,20,15.6,8.02,10.54,50,,1375,4,1,1.04
OSMOS,MIC,1,5,E4,2,4,36.09420524,28.12247409,Hanlon,September,2,230,43.5055556,-80.21222222,330,1,0,0,,1,20,15.6,8.02,10.54,50,,1375,4,1,1.04
OSMOS,MIC,1,5,E4,2,5,34.78261837,28.33210686,Hanlon,September,2,230,43.5055556,-80.21222222,330,1,0,0,,1,20,15.6,8.02,10.54,50,,1375,4,1,1.04
OSMOS,MIC,1,5,E4,2,6,35.12811593,28.15196975,Hanlon,September,2,230,43.5055556,-80.21222222,330,1,0,0,,1,20,15.6,8.02,10.54,50,,1375,4,1,1.04
ANDe,Biomeme,1,5,E4,1,1,0,0,Hanlon,September,2,230,43.5055556,-80.21222222,330,1,0,0,,1,20,15.6,8.02,10.54,50,,1375,4,1,1.01
ANDe,Biomeme,1,5,E4,1,2,0,0,Hanlon,September,2,230,43.5055556,-80.21222222,330,1,0,0,,1,20,15.6,8.02,10.54,50,,1375,4,1,1.01
ANDe,Biomeme,1,5,E4,1,3,0,0,Hanlon,September,2,230,43.5055556,-80.21222222,330,1,0,0,,1,20,15.6,8.02,10.54,50,,1375,4,1,1.01
ANDe,Biomeme,1,5,E4,2,1,0,28.7,Hanlon,September,2,230,43.5055556,-80.21222222,330,1,0,0,,1,20,15.6,8.02,10.54,50,,1375,4,1,1.02
ANDe,Biomeme,1,5,E4,2,2,0,29.47,Hanlon,September,2,230,43.5055556,-80.21222222,330,1,0,0,,1,20,15.6,8.02,10.54,50,,1375,4,1,1.02
ANDe,Biomeme,1,5,E4,2,3,0,30.65,Hanlon,September,2,230,43.5055556,-80.21222222,330,1,0,0,,1,20,15.6,8.02,10.54,50,,1375,4,1,1.02
ANDe,MIC,1,5,E4,1,1,0,0,Hanlon,September,2,230,43.5055556,-80.21222222,330,1,0,0,,1,20,15.6,8.02,10.54,50,,1375,4,1,1.01
ANDe,MIC,1,5,E4,1,2,0,0,Hanlon,September,2,230,43.5055556,-80.21222222,330,1,0,0,,1,20,15.6,8.02,10.54,50,,1375,4,1,1.01
ANDe,MIC,1,5,E4,1,3,0,0,Hanlon,September,2,230,43.5055556,-80.21222222,330,1,0,0,,1,20,15.6,8.02,10.54,50,,1375,4,1,1.01
ANDe,MIC,1,5,E4,1,4,0,0,Hanlon,September,2,230,43.5055556,-80.21222222,330,1,0,0,,1,20,15.6,8.02,10.54,50,,1375,4,1,1.01
ANDe,MIC,1,5,E4,1,5,0,0,Hanlon,September,2,230,43.5055556,-80.21222222,330,1,0,0,,1,20,15.6,8.02,10.54,50,,1375,4,1,1.01
ANDe,MIC,1,5,E4,1,6,0,0,Hanlon,September,2,230,43.5055556,-80.21222222,330,1,0,0,,1,20,15.6,8.02,10.54,50,,1375,4,1,1.01
ANDe,MIC,1,5,E4,2,1,0,28.22303336,Hanlon,September,2,230,43.5055556,-80.21222222,330,1,0,0,,1,20,15.6,8.02,10.54,50,,1375,4,1,1.02
ANDe,MIC,1,5,E4,2,2,0,28.14501634,Hanlon,September,2,230,43.5055556,-80.21222222,330,1,0,0,,1,20,15.6,8.02,10.54,50,,1375,4,1,1.02
ANDe,MIC,1,5,E4,2,3,37.61383726,28.25485185,Hanlon,September,2,230,43.5055556,-80.21222222,330,1,0,0,,1,20,15.6,8.02,10.54,50,,1375,4,1,1.02
ANDe,MIC,1,5,E4,2,4,0,28.37048912,Hanlon,September,2,230,43.5055556,-80.21222222,330,1,0,0,,1,20,15.6,8.02,10.54,50,,1375,4,1,1.02
ANDe,MIC,1,5,E4,2,5,0,28.10706933,Hanlon,September,2,230,43.5055556,-80.21222222,330,1,0,0,,1,20,15.6,8.02,10.54,50,,1375,4,1,1.02
ANDe,MIC,1,5,E4,2,6,0,28.21340457,Hanlon,September,2,230,43.5055556,-80.21222222,330,1,0,0,,1,20,15.6,8.02,10.54,50,,1375,4,1,1.02
ANDe,MIC,1,5,E4,2,1,34.08905002,28.34842366,Hanlon,September,2,230,43.5055556,-80.21222222,330,1,0,0,,1,20,15.6,8.02,10.54,50,,1375,4,1,1.02
ANDe,MIC,1,5,E4,2,2,34.52424236,28.10564318,Hanlon,September,2,230,43.5055556,-80.21222222,330,1,0,0,,1,20,15.6,8.02,10.54,50,,1375,4,1,1.02
ANDe,MIC,1,5,E4,2,3,34.02563292,28.23818899,Hanlon,September,2,230,43.5055556,-80.21222222,330,1,0,0,,1,20,15.6,8.02,10.54,50,,1375,4,1,1.02
ANDe,MIC,1,5,E4,2,4,34.53539661,28.28353313,Hanlon,September,2,230,43.5055556,-80.21222222,330,1,0,0,,1,20,15.6,8.02,10.54,50,,1375,4,1,1.02
ANDe,MIC,1,5,E4,2,5,35.00290151,28.33021868,Hanlon,September,2,230,43.5055556,-80.21222222,330,1,0,0,,1,20,15.6,8.02,10.54,50,,1375,4,1,1.02
ANDe,MIC,1,5,E4,2,6,34.72666102,28.36195764,Hanlon,September,2,230,43.5055556,-80.21222222,330,1,0,0,,1,20,15.6,8.02,10.54,50,,1375,4,1,1.02
,Biomeme,,NTC,,,,0,28.08,,,,,,,,,,,,,,,,,,,,,,
,Biomeme,,NTC,,,,0,28.52,,,,,,,,,,,,,,,,,,,,,,
,Biomeme,,NTC,,,,0,29.45,,,,,,,,,,,,,,,,,,,,,,
,Biomeme,,NTC,,,,0,29.35,,,,,,,,,,,,,,,,,,,,,,
,Biomeme,,NTC,,,,0,29.34,,,,,,,,,,,,,,,,,,,,,,
,Biomeme,,NTC,,,,0,28.19,,,,,,,,,,,,,,,,,,,,,,
,Biomeme,,NTC,,,,0,29.16,,,,,,,,,,,,,,,,,,,,,,
,Biomeme,,NTC,,,,0,28.23,,,,,,,,,,,,,,,,,,,,,,
,Biomeme,,NTC,,,,0,28.08,,,,,,,,,,,,,,,,,,,,,,
,MIC,,NTC,,,,0,26.54314785,,,,,,,,,,,,,,,,,,,,,,
,MIC,,NTC,,,,0,28.95829674,,,,,,,,,,,,,,,,,,,,,,
,MIC,,NTC,,,,0,28.97760309,,,,,,,,,,,,,,,,,,,,,,
,Biomeme,,PC,,,,30.37,28.48,,,,,,,,,,,,,,,,,,,,,,
,Biomeme,,PC,,,,30.06,28.36,,,,,,,,,,,,,,,,,,,,,,
,Biomeme,,PC,,,,32.34,28.06,,,,,,,,,,,,,,,,,,,,,,
,Biomeme,,PC,,,,32.33,28.69,,,,,,,,,,,,,,,,,,,,,,
,Biomeme,,PC,,,,34.04,28.11,,,,,,,,,,,,,,,,,,,,,,
,Biomeme,,PC,,,,30.49,29.11,,,,,,,,,,,,,,,,,,,,,,
,Biomeme,,PC,,,,29.1,28.62,,,,,,,,,,,,,,,,,,,,,,
,Biomeme,,PC,,,,30.85,28.13,,,,,,,,,,,,,,,,,,,,,,
,Biomeme,,PC,,,,0,28.44,,,,,,,,,,,,,,,,,,,,,,
,MIC,,PC,,,,29.2763844,26.40918963,,,,,,,,,,,,,,,,,,,,,,
,MIC,,PC,,,,30.30457588,28.89062928,,,,,,,,,,,,,,,,,,,,,,
,MIC,,PC,,,,29.21240012,28.88541742,,,,,,,,,,,,,,,,,,,,,,
OSMOS,Biomeme,2,1,E8-2,1,1,0,29.01,Hanlon,November,,,43.5013889,-80.22833333,310,1,0,1,,0,6,6.5,9.2,8.79,40,0.27,,4,1,1.01
OSMOS,Biomeme,2,1,E8-2,1,2,0,28.41,Hanlon,November,,,43.5013889,-80.22833333,310,1,0,1,,0,6,6.5,9.2,8.79,40,0.27,,4,1,1.01
OSMOS,Biomeme,2,1,E8-2,1,3,0,27.59,Hanlon,November,,,43.5013889,-80.22833333,310,1,0,1,,0,6,6.5,9.2,8.79,40,0.27,,4,1,1.01
OSMOS,Biomeme,2,1,E8-2,2,1,0,28.63,Hanlon,November,,,43.5013889,-80.22833333,310,1,0,1,,0,6,6.5,9.2,8.79,40,0.27,,4,1,1.06
OSMOS,Biomeme,2,1,E8-2,2,2,0,27.73,Hanlon,November,,,43.5013889,-80.22833333,310,1,0,1,,0,6,6.5,9.2,8.79,40,0.27,,4,1,1.06
OSMOS,Biomeme,2,1,E8-2,2,3,0,28.31,Hanlon,November,,,43.5013889,-80.22833333,310,1,0,1,,0,6,6.5,9.2,8.79,40,0.27,,4,1,1.06
OSMOS,MIC,2,1,E8-2,1,1,36.19,27.6,Hanlon,November,,,43.5013889,-80.22833333,310,1,0,1,,0,6,6.5,9.2,8.79,40,0.27,,4,1,1.01
OSMOS,MIC,2,1,E8-2,1,2,35.26,27.73,Hanlon,November,,,43.5013889,-80.22833333,310,1,0,1,,0,6,6.5,9.2,8.79,40,0.27,,4,1,1.01
OSMOS,MIC,2,1,E8-2,1,3,37.14,27.57,Hanlon,November,,,43.5013889,-80.22833333,310,1,0,1,,0,6,6.5,9.2,8.79,40,0.27,,4,1,1.01
OSMOS,MIC,2,1,E8-2,1,4,0,27.58,Hanlon,November,,,43.5013889,-80.22833333,310,1,0,1,,0,6,6.5,9.2,8.79,40,0.27,,4,1,1.01
OSMOS,MIC,2,1,E8-2,1,5,0,27.76,Hanlon,November,,,43.5013889,-80.22833333,310,1,0,1,,0,6,6.5,9.2,8.79,40,0.27,,4,1,1.01
OSMOS,MIC,2,1,E8-2,1,6,36.52,27.85,Hanlon,November,,,43.5013889,-80.22833333,310,1,0,1,,0,6,6.5,9.2,8.79,40,0.27,,4,1,1.01
OSMOS,MIC,2,1,E8-2,2,1,0,27.84,Hanlon,November,,,43.5013889,-80.22833333,310,1,0,1,,0,6,6.5,9.2,8.79,40,0.27,,4,1,1.06
OSMOS,MIC,2,1,E8-2,2,2,0,27.8,Hanlon,November,,,43.5013889,-80.22833333,310,1,0,1,,0,6,6.5,9.2,8.79,40,0.27,,4,1,1.06
OSMOS,MIC,2,1,E8-2,2,3,0,27.76,Hanlon,November,,,43.5013889,-80.22833333,310,1,0,1,,0,6,6.5,9.2,8.79,40,0.27,,4,1,1.06
OSMOS,MIC,2,1,E8-2,2,4,36.25,27.57,Hanlon,November,,,43.5013889,-80.22833333,310,1,0,1,,0,6,6.5,9.2,8.79,40,0.27,,4,1,1.06
OSMOS,MIC,2,1,E8-2,2,5,0,27.92,Hanlon,November,,,43.5013889,-80.22833333,310,1,0,1,,0,6,6.5,9.2,8.79,40,0.27,,4,1,1.06
OSMOS,MIC,2,1,E8-2,2,6,0,27.46,Hanlon,November,,,43.5013889,-80.22833333,310,1,0,1,,0,6,6.5,9.2,8.79,40,0.27,,4,1,1.06
ANDe,Biomeme,2,1,E8-2,1,1,39.65,27.58,Hanlon,November,,,43.5013889,-80.22833333,310,1,0,1,,0,6,6.5,9.2,8.79,40,0.27,,4,1,1.27
ANDe,Biomeme,2,1,E8-2,1,2,33.85,28.17,Hanlon,November,,,43.5013889,-80.22833333,310,1,0,1,,0,6,6.5,9.2,8.79,40,0.27,,4,1,1.27
ANDe,Biomeme,2,1,E8-2,1,3,0,27.2,Hanlon,November,,,43.5013889,-80.22833333,310,1,0,1,,0,6,6.5,9.2,8.79,40,0.27,,4,1,1.27
ANDe,Biomeme,2,1,E8-2,2,1,0,28.46,Hanlon,November,,,43.5013889,-80.22833333,310,1,0,1,,0,6,6.5,9.2,8.79,40,0.27,,4,1,1.03
ANDe,Biomeme,2,1,E8-2,2,2,36.13,28.22,Hanlon,November,,,43.5013889,-80.22833333,310,1,0,1,,0,6,6.5,9.2,8.79,40,0.27,,4,1,1.03
ANDe,Biomeme,2,1,E8-2,2,3,38.07,28.19,Hanlon,November,,,43.5013889,-80.22833333,310,1,0,1,,0,6,6.5,9.2,8.79,40,0.27,,4,1,1.03
ANDe,MIC,2,1,E8-2,1,1,0,27.25,Hanlon,November,,,43.5013889,-80.22833333,310,1,0,1,,0,6,6.5,9.2,8.79,40,0.27,,4,1,1.27
ANDe,MIC,2,1,E8-2,1,2,35.58,27.39,Hanlon,November,,,43.5013889,-80.22833333,310,1,0,1,,0,6,6.5,9.2,8.79,40,0.27,,4,1,1.27
ANDe,MIC,2,1,E8-2,1,3,33.66,27.41,Hanlon,November,,,43.5013889,-80.22833333,310,1,0,1,,0,6,6.5,9.2,8.79,40,0.27,,4,1,1.27
ANDe,MIC,2,1,E8-2,1,4,34.57,27.85,Hanlon,November,,,43.5013889,-80.22833333,310,1,0,1,,0,6,6.5,9.2,8.79,40,0.27,,4,1,1.27
ANDe,MIC,2,1,E8-2,1,5,34.01,27.31,Hanlon,November,,,43.5013889,-80.22833333,310,1,0,1,,0,6,6.5,9.2,8.79,40,0.27,,4,1,1.27
ANDe,MIC,2,1,E8-2,1,6,34.36,27.49,Hanlon,November,,,43.5013889,-80.22833333,310,1,0,1,,0,6,6.5,9.2,8.79,40,0.27,,4,1,1.27
ANDe,MIC,2,1,E8-2,2,1,35.71,27.65,Hanlon,November,,,43.5013889,-80.22833333,310,1,0,1,,0,6,6.5,9.2,8.79,40,0.27,,4,1,1.03
ANDe,MIC,2,1,E8-2,2,2,35.22,27.43,Hanlon,November,,,43.5013889,-80.22833333,310,1,0,1,,0,6,6.5,9.2,8.79,40,0.27,,4,1,1.03
ANDe,MIC,2,1,E8-2,2,3,35.64,27.53,Hanlon,November,,,43.5013889,-80.22833333,310,1,0,1,,0,6,6.5,9.2,8.79,40,0.27,,4,1,1.03
ANDe,MIC,2,1,E8-2,2,4,36.46,27.7,Hanlon,November,,,43.5013889,-80.22833333,310,1,0,1,,0,6,6.5,9.2,8.79,40,0.27,,4,1,1.03
ANDe,MIC,2,1,E8-2,2,5,36.16,27.42,Hanlon,November,,,43.5013889,-80.22833333,310,1,0,1,,0,6,6.5,9.2,8.79,40,0.27,,4,1,1.03
ANDe,MIC,2,1,E8-2,2,6,35.22,27.53,Hanlon,November,,,43.5013889,-80.22833333,310,1,0,1,,0,6,6.5,9.2,8.79,40,0.27,,4,1,1.03
OSMOS,Biomeme,1,2,E8-1,1,1,36.82,28.21,Hanlon,November,,,43.505,-80.21944444,310,1,0,1,,0,7,6.4,9.5,8.4,40,0.31,,2,1,1.06
OSMOS,Biomeme,1,2,E8-1,1,2,0,28.74,Hanlon,November,,,43.505,-80.21944444,310,1,0,1,,0,7,6.4,9.5,8.4,40,0.31,,2,1,1.06
OSMOS,Biomeme,1,2,E8-1,1,3,33.21,27.56,Hanlon,November,,,43.505,-80.21944444,310,1,0,1,,0,7,6.4,9.5,8.4,40,0.31,,2,1,1.06
OSMOS,Biomeme,1,2,E8-1,2,1,0,28.31,Hanlon,November,,,43.505,-80.21944444,310,1,0,1,,0,7,6.4,9.5,8.4,40,0.31,,2,1,1.05
OSMOS,Biomeme,1,2,E8-1,2,2,0,28.08,Hanlon,November,,,43.505,-80.21944444,310,1,0,1,,0,7,6.4,9.5,8.4,40,0.31,,2,1,1.05
OSMOS,Biomeme,1,2,E8-1,2,3,0,28.15,Hanlon,November,,,43.505,-80.21944444,310,1,0,1,,0,7,6.4,9.5,8.4,40,0.31,,2,1,1.05
OSMOS,MIC,1,2,E8-1,1,1,36.29,27.52,Hanlon,November,,,43.505,-80.21944444,310,1,0,1,,0,7,6.4,9.5,8.4,40,0.31,,2,1,1.06
OSMOS,MIC,1,2,E8-1,1,2,35.96,27.75,Hanlon,November,,,43.505,-80.21944444,310,1,0,1,,0,7,6.4,9.5,8.4,40,0.31,,2,1,1.06
OSMOS,MIC,1,2,E8-1,1,3,34.85,27.4,Hanlon,November,,,43.505,-80.21944444,310,1,0,1,,0,7,6.4,9.5,8.4,40,0.31,,2,1,1.06
OSMOS,MIC,1,2,E8-1,1,4,34.73,27.8,Hanlon,November,,,43.505,-80.21944444,310,1,0,1,,0,7,6.4,9.5,8.4,40,0.31,,2,1,1.06
OSMOS,MIC,1,2,E8-1,1,5,36.98,27.38,Hanlon,November,,,43.505,-80.21944444,310,1,0,1,,0,7,6.4,9.5,8.4,40,0.31,,2,1,1.06
OSMOS,MIC,1,2,E8-1,1,6,35.23,27.53,Hanlon,November,,,43.505,-80.21944444,310,1,0,1,,0,7,6.4,9.5,8.4,40,0.31,,2,1,1.06
OSMOS,MIC,1,2,E8-1,2,1,0,27.7,Hanlon,November,,,43.505,-80.21944444,310,1,0,1,,0,7,6.4,9.5,8.4,40,0.31,,2,1,1.05
OSMOS,MIC,1,2,E8-1,2,2,0,28.17,Hanlon,November,,,43.505,-80.21944444,310,1,0,1,,0,7,6.4,9.5,8.4,40,0.31,,2,1,1.05
OSMOS,MIC,1,2,E8-1,2,3,0,27.69,Hanlon,November,,,43.505,-80.21944444,310,1,0,1,,0,7,6.4,9.5,8.4,40,0.31,,2,1,1.05
OSMOS,MIC,1,2,E8-1,2,4,0,27.51,Hanlon,November,,,43.505,-80.21944444,310,1,0,1,,0,7,6.4,9.5,8.4,40,0.31,,2,1,1.05
OSMOS,MIC,1,2,E8-1,2,5,0,28.29,Hanlon,November,,,43.505,-80.21944444,310,1,0,1,,0,7,6.4,9.5,8.4,40,0.31,,2,1,1.05
OSMOS,MIC,1,2,E8-1,2,6,0,28.23,Hanlon,November,,,43.505,-80.21944444,310,1,0,1,,0,7,6.4,9.5,8.4,40,0.31,,2,1,1.05
ANDe,Biomeme,1,2,E8-1,1,1,0,28.53,Hanlon,November,,,43.505,-80.21944444,310,1,0,1,,0,7,6.4,9.5,8.4,40,0.31,,2,1,1.21
ANDe,Biomeme,1,2,E8-1,1,2,0,29.16,Hanlon,November,,,43.505,-80.21944444,310,1,0,1,,0,7,6.4,9.5,8.4,40,0.31,,2,1,1.21
ANDe,Biomeme,1,2,E8-1,1,3,0,28.32,Hanlon,November,,,43.505,-80.21944444,310,1,0,1,,0,7,6.4,9.5,8.4,40,0.31,,2,1,1.21
ANDe,Biomeme,1,2,E8-1,2,1,0,28.98,Hanlon,November,,,43.505,-80.21944444,310,1,0,1,,0,7,6.4,9.5,8.4,40,0.31,,2,1,1.02
ANDe,Biomeme,1,2,E8-1,2,2,0,28.84,Hanlon,November,,,43.505,-80.21944444,310,1,0,1,,0,7,6.4,9.5,8.4,40,0.31,,2,1,1.02
ANDe,Biomeme,1,2,E8-1,2,3,0,29.11,Hanlon,November,,,43.505,-80.21944444,310,1,0,1,,0,7,6.4,9.5,8.4,40,0.31,,2,1,1.02
ANDe,MIC,1,2,E8-1,1,1,34.66,27.51,Hanlon,November,,,43.505,-80.21944444,310,1,0,1,,0,7,6.4,9.5,8.4,40,0.31,,2,1,1.21
ANDe,MIC,1,2,E8-1,1,2,34.64,27.52,Hanlon,November,,,43.505,-80.21944444,310,1,0,1,,0,7,6.4,9.5,8.4,40,0.31,,2,1,1.21
ANDe,MIC,1,2,E8-1,1,3,34.5,27.4,Hanlon,November,,,43.505,-80.21944444,310,1,0,1,,0,7,6.4,9.5,8.4,40,0.31,,2,1,1.21
ANDe,MIC,1,2,E8-1,1,4,35.24,27.34,Hanlon,November,,,43.505,-80.21944444,310,1,0,1,,0,7,6.4,9.5,8.4,40,0.31,,2,1,1.21
ANDe,MIC,1,2,E8-1,1,5,35.28,27.06,Hanlon,November,,,43.505,-80.21944444,310,1,0,1,,0,7,6.4,9.5,8.4,40,0.31,,2,1,1.21
ANDe,MIC,1,2,E8-1,1,6,34.24,27.21,Hanlon,November,,,43.505,-80.21944444,310,1,0,1,,0,7,6.4,9.5,8.4,40,0.31,,2,1,1.21
ANDe,MIC,1,2,E8-1,2,1,35.17,27.51,Hanlon,November,,,43.505,-80.21944444,310,1,0,1,,0,7,6.4,9.5,8.4,40,0.31,,2,1,1.02
ANDe,MIC,1,2,E8-1,2,2,36.64,28,Hanlon,November,,,43.505,-80.21944444,310,1,0,1,,0,7,6.4,9.5,8.4,40,0.31,,2,1,1.02
ANDe,MIC,1,2,E8-1,2,3,0,27.48,Hanlon,November,,,43.505,-80.21944444,310,1,0,1,,0,7,6.4,9.5,8.4,40,0.31,,2,1,1.02
ANDe,MIC,1,2,E8-1,2,4,34.09,27.5,Hanlon,November,,,43.505,-80.21944444,310,1,0,1,,0,7,6.4,9.5,8.4,40,0.31,,2,1,1.02
ANDe,MIC,1,2,E8-1,2,5,34.38,27.5,Hanlon,November,,,43.505,-80.21944444,310,1,0,1,,0,7,6.4,9.5,8.4,40,0.31,,2,1,1.02
ANDe,MIC,1,2,E8-1,2,6,36.05,27.14,Hanlon,November,,,43.505,-80.21944444,310,1,0,1,,0,7,6.4,9.5,8.4,40,0.31,,2,1,1.02
OSMOS,Biomeme,1,3,F5-1,1,1,0,28.93,Hanlon,November,,,43.5061111,-80.22055556,320,1,0,1,,0,8,6.7,8.7,6.59,40,0.19,,4,3,1.05
OSMOS,Biomeme,1,3,F5-1,1,2,36.99,28.07,Hanlon,November,,,43.5061111,-80.22055556,320,1,0,1,,0,8,6.7,8.7,6.59,40,0.19,,4,3,1.05
OSMOS,Biomeme,1,3,F5-1,1,3,0,28.16,Hanlon,November,,,43.5061111,-80.22055556,320,1,0,1,,0,8,6.7,8.7,6.59,40,0.19,,4,3,1.05
OSMOS,Biomeme,1,3,F5-1,2,1,0,28.29,Hanlon,November,,,43.5061111,-80.22055556,320,1,0,1,,0,8,6.7,8.7,6.59,40,0.19,,4,3,1.05
OSMOS,Biomeme,1,3,F5-1,2,2,0,28.29,Hanlon,November,,,43.5061111,-80.22055556,320,1,0,1,,0,8,6.7,8.7,6.59,40,0.19,,4,3,1.05
OSMOS,Biomeme,1,3,F5-1,2,3,,,Hanlon,November,,,43.5061111,-80.22055556,320,1,0,1,,0,8,6.7,8.7,6.59,40,0.19,,4,3,1.05
OSMOS,MIC,1,3,F5-1,1,1,36.21,28.13,Hanlon,November,,,43.5061111,-80.22055556,320,1,0,1,,0,8,6.7,8.7,6.59,40,0.19,,4,3,1.05
OSMOS,MIC,1,3,F5-1,1,2,36.95,28.01,Hanlon,November,,,43.5061111,-80.22055556,320,1,0,1,,0,8,6.7,8.7,6.59,40,0.19,,4,3,1.05
OSMOS,MIC,1,3,F5-1,1,3,0,28.39,Hanlon,November,,,43.5061111,-80.22055556,320,1,0,1,,0,8,6.7,8.7,6.59,40,0.19,,4,3,1.05
OSMOS,MIC,1,3,F5-1,1,4,0,28.48,Hanlon,November,,,43.5061111,-80.22055556,320,1,0,1,,0,8,6.7,8.7,6.59,40,0.19,,4,3,1.05
OSMOS,MIC,1,3,F5-1,1,5,0,28.25,Hanlon,November,,,43.5061111,-80.22055556,320,1,0,1,,0,8,6.7,8.7,6.59,40,0.19,,4,3,1.05
OSMOS,MIC,1,3,F5-1,1,6,0,28.15,Hanlon,November,,,43.5061111,-80.22055556,320,1,0,1,,0,8,6.7,8.7,6.59,40,0.19,,4,3,1.05
OSMOS,MIC,1,3,F5-1,2,1,0,28.27,Hanlon,November,,,43.5061111,-80.22055556,320,1,0,1,,0,8,6.7,8.7,6.59,40,0.19,,4,3,1.05
OSMOS,MIC,1,3,F5-1,2,2,0,28.19,Hanlon,November,,,43.5061111,-80.22055556,320,1,0,1,,0,8,6.7,8.7,6.59,40,0.19,,4,3,1.05
OSMOS,MIC,1,3,F5-1,2,3,35.6,28.19,Hanlon,November,,,43.5061111,-80.22055556,320,1,0,1,,0,8,6.7,8.7,6.59,40,0.19,,4,3,1.05
OSMOS,MIC,1,3,F5-1,2,4,34.86,28.28,Hanlon,November,,,43.5061111,-80.22055556,320,1,0,1,,0,8,6.7,8.7,6.59,40,0.19,,4,3,1.05
OSMOS,MIC,1,3,F5-1,2,5,35.82,28.34,Hanlon,November,,,43.5061111,-80.22055556,320,1,0,1,,0,8,6.7,8.7,6.59,40,0.19,,4,3,1.05
OSMOS,MIC,1,3,F5-1,2,6,0,28.11,Hanlon,November,,,43.5061111,-80.22055556,320,1,0,1,,0,8,6.7,8.7,6.59,40,0.19,,4,3,1.05
ANDe,Biomeme,1,3,F5-1,1,1,0,28.41,Hanlon,November,,,43.5061111,-80.22055556,320,1,0,1,,0,8,6.7,8.7,6.59,40,0.19,,4,3,1.05
ANDe,Biomeme,1,3,F5-1,1,2,0,28.9,Hanlon,November,,,43.5061111,-80.22055556,320,1,0,1,,0,8,6.7,8.7,6.59,40,0.19,,4,3,1.05
ANDe,Biomeme,1,3,F5-1,1,3,0,28.78,Hanlon,November,,,43.5061111,-80.22055556,320,1,0,1,,0,8,6.7,8.7,6.59,40,0.19,,4,3,1.05
ANDe,Biomeme,1,3,F5-1,2,1,0,27.1,Hanlon,November,,,43.5061111,-80.22055556,320,1,0,1,,0,8,6.7,8.7,6.59,40,0.19,,4,3,1.03
ANDe,Biomeme,1,3,F5-1,2,2,0,28.43,Hanlon,November,,,43.5061111,-80.22055556,320,1,0,1,,0,8,6.7,8.7,6.59,40,0.19,,4,3,1.03
ANDe,Biomeme,1,3,F5-1,2,3,36.17,30.99,Hanlon,November,,,43.5061111,-80.22055556,320,1,0,1,,0,8,6.7,8.7,6.59,40,0.19,,4,3,1.03
ANDe,MIC,1,3,F5-1,1,1,0,28.47,Hanlon,November,,,43.5061111,-80.22055556,320,1,0,1,,0,8,6.7,8.7,6.59,40,0.19,,4,3,1.05
ANDe,MIC,1,3,F5-1,1,2,0,28.36,Hanlon,November,,,43.5061111,-80.22055556,320,1,0,1,,0,8,6.7,8.7,6.59,40,0.19,,4,3,1.05
ANDe,MIC,1,3,F5-1,1,3,0,28.24,Hanlon,November,,,43.5061111,-80.22055556,320,1,0,1,,0,8,6.7,8.7,6.59,40,0.19,,4,3,1.05
ANDe,MIC,1,3,F5-1,1,4,0,28.21,Hanlon,November,,,43.5061111,-80.22055556,320,1,0,1,,0,8,6.7,8.7,6.59,40,0.19,,4,3,1.05
ANDe,MIC,1,3,F5-1,1,5,0,28.3,Hanlon,November,,,43.5061111,-80.22055556,320,1,0,1,,0,8,6.7,8.7,6.59,40,0.19,,4,3,1.05
ANDe,MIC,1,3,F5-1,1,6,0,28.34,Hanlon,November,,,43.5061111,-80.22055556,320,1,0,1,,0,8,6.7,8.7,6.59,40,0.19,,4,3,1.05
ANDe,MIC,1,3,F5-1,2,1,0,28.26,Hanlon,November,,,43.5061111,-80.22055556,320,1,0,1,,0,8,6.7,8.7,6.59,40,0.19,,4,3,1.03
ANDe,MIC,1,3,F5-1,2,2,0,28.05,Hanlon,November,,,43.5061111,-80.22055556,320,1,0,1,,0,8,6.7,8.7,6.59,40,0.19,,4,3,1.03
ANDe,MIC,1,3,F5-1,2,3,0,28.24,Hanlon,November,,,43.5061111,-80.22055556,320,1,0,1,,0,8,6.7,8.7,6.59,40,0.19,,4,3,1.03
ANDe,MIC,1,3,F5-1,2,4,0,28.21,Hanlon,November,,,43.5061111,-80.22055556,320,1,0,1,,0,8,6.7,8.7,6.59,40,0.19,,4,3,1.03
ANDe,MIC,1,3,F5-1,2,5,0,28.09,Hanlon,November,,,43.5061111,-80.22055556,320,1,0,1,,0,8,6.7,8.7,6.59,40,0.19,,4,3,1.03
ANDe,MIC,1,3,F5-1,2,6,36.12,28.12,Hanlon,November,,,43.5061111,-80.22055556,320,1,0,1,,0,8,6.7,8.7,6.59,40,0.19,,4,3,1.03
OSMOS,Biomeme,1,4,E5-1,1,1,0,28.61,Hanlon,November,,,43.5061111,-80.21583333,340,1,0,1,,0,9,7.2,9,8.41,20,0.19,,4,1,1.23
OSMOS,Biomeme,1,4,E5-1,1,2,0,30.11,Hanlon,November,,,43.5061111,-80.21583333,340,1,0,1,,0,9,7.2,9,8.41,20,0.19,,4,1,1.23
OSMOS,Biomeme,1,4,E5-1,1,3,0,28.16,Hanlon,November,,,43.5061111,-80.21583333,340,1,0,1,,0,9,7.2,9,8.41,20,0.19,,4,1,1.23
OSMOS,Biomeme,1,4,E5-1,2,1,0,28.24,Hanlon,November,,,43.5061111,-80.21583333,340,1,0,1,,0,9,7.2,9,8.41,20,0.19,,4,1,1.05
OSMOS,Biomeme,1,4,E5-1,2,2,0,28.55,Hanlon,November,,,43.5061111,-80.21583333,340,1,0,1,,0,9,7.2,9,8.41,20,0.19,,4,1,1.05
OSMOS,Biomeme,1,4,E5-1,2,3,33.95,27.37,Hanlon,November,,,43.5061111,-80.21583333,340,1,0,1,,0,9,7.2,9,8.41,20,0.19,,4,1,1.05
OSMOS,MIC,1,4,E5-1,1,1,0,27.86,Hanlon,November,,,43.5061111,-80.21583333,340,1,0,1,,0,9,7.2,9,8.41,20,0.19,,4,1,1.23
OSMOS,MIC,1,4,E5-1,1,2,0,27.87,Hanlon,November,,,43.5061111,-80.21583333,340,1,0,1,,0,9,7.2,9,8.41,20,0.19,,4,1,1.23
OSMOS,MIC,1,4,E5-1,1,3,34.72,28.04,Hanlon,November,,,43.5061111,-80.21583333,340,1,0,1,,0,9,7.2,9,8.41,20,0.19,,4,1,1.23
OSMOS,MIC,1,4,E5-1,1,4,36.94,27.57,Hanlon,November,,,43.5061111,-80.21583333,340,1,0,1,,0,9,7.2,9,8.41,20,0.19,,4,1,1.23
OSMOS,MIC,1,4,E5-1,1,5,35.24,28.01,Hanlon,November,,,43.5061111,-80.21583333,340,1,0,1,,0,9,7.2,9,8.41,20,0.19,,4,1,1.23
OSMOS,MIC,1,4,E5-1,1,6,34.45,27.96,Hanlon,November,,,43.5061111,-80.21583333,340,1,0,1,,0,9,7.2,9,8.41,20,0.19,,4,1,1.23
OSMOS,MIC,1,4,E5-1,2,1,34.44,28.12,Hanlon,November,,,43.5061111,-80.21583333,340,1,0,1,,0,9,7.2,9,8.41,20,0.19,,4,1,1.05
OSMOS,MIC,1,4,E5-1,2,2,34.66,28.19,Hanlon,November,,,43.5061111,-80.21583333,340,1,0,1,,0,9,7.2,9,8.41,20,0.19,,4,1,1.05
OSMOS,MIC,1,4,E5-1,2,3,36.3,27.96,Hanlon,November,,,43.5061111,-80.21583333,340,1,0,1,,0,9,7.2,9,8.41,20,0.19,,4,1,1.05
OSMOS,MIC,1,4,E5-1,2,4,34.31,27.94,Hanlon,November,,,43.5061111,-80.21583333,340,1,0,1,,0,9,7.2,9,8.41,20,0.19,,4,1,1.05
OSMOS,MIC,1,4,E5-1,2,5,34.55,28,Hanlon,November,,,43.5061111,-80.21583333,340,1,0,1,,0,9,7.2,9,8.41,20,0.19,,4,1,1.05
OSMOS,MIC,1,4,E5-1,2,6,34.67,28.06,Hanlon,November,,,43.5061111,-80.21583333,340,1,0,1,,0,9,7.2,9,8.41,20,0.19,,4,1,1.05
ANDe,Biomeme,1,4,E5-1,1,1,0,27.69,Hanlon,November,,,43.5061111,-80.21583333,340,1,0,1,,0,9,7.2,9,8.41,20,0.19,,4,1,1.05
ANDe,Biomeme,1,4,E5-1,1,2,0,29.26,Hanlon,November,,,43.5061111,-80.21583333,340,1,0,1,,0,9,7.2,9,8.41,20,0.19,,4,1,1.05
ANDe,Biomeme,1,4,E5-1,1,3,0,27.48,Hanlon,November,,,43.5061111,-80.21583333,340,1,0,1,,0,9,7.2,9,8.41,20,0.19,,4,1,1.05
ANDe,Biomeme,1,4,E5-1,2,1,36.57,28.71,Hanlon,November,,,43.5061111,-80.21583333,340,1,0,1,,0,9,7.2,9,8.41,20,0.19,,4,1,1.08
ANDe,Biomeme,1,4,E5-1,2,2,33.18,28.18,Hanlon,November,,,43.5061111,-80.21583333,340,1,0,1,,0,9,7.2,9,8.41,20,0.19,,4,1,1.08
ANDe,Biomeme,1,4,E5-1,2,3,33.87,27.23,Hanlon,November,,,43.5061111,-80.21583333,340,1,0,1,,0,9,7.2,9,8.41,20,0.19,,4,1,1.08
ANDe,MIC,1,4,E5-1,1,1,35.3,28.05,Hanlon,November,,,43.5061111,-80.21583333,340,1,0,1,,0,9,7.2,9,8.41,20,0.19,,4,1,1.05
ANDe,MIC,1,4,E5-1,1,2,35.26,28.17,Hanlon,November,,,43.5061111,-80.21583333,340,1,0,1,,0,9,7.2,9,8.41,20,0.19,,4,1,1.05
ANDe,MIC,1,4,E5-1,1,3,35.14,28.04,Hanlon,November,,,43.5061111,-80.21583333,340,1,0,1,,0,9,7.2,9,8.41,20,0.19,,4,1,1.05
ANDe,MIC,1,4,E5-1,1,4,36.23,28.06,Hanlon,November,,,43.5061111,-80.21583333,340,1,0,1,,0,9,7.2,9,8.41,20,0.19,,4,1,1.05
ANDe,MIC,1,4,E5-1,1,5,36.87,28.17,Hanlon,November,,,43.5061111,-80.21583333,340,1,0,1,,0,9,7.2,9,8.41,20,0.19,,4,1,1.05
ANDe,MIC,1,4,E5-1,1,6,0,28.18,Hanlon,November,,,43.5061111,-80.21583333,340,1,0,1,,0,9,7.2,9,8.41,20,0.19,,4,1,1.05
ANDe,MIC,1,4,E5-1,2,1,35.45,28.17,Hanlon,November,,,43.5061111,-80.21583333,340,1,0,1,,0,9,7.2,9,8.41,20,0.19,,4,1,1.08
ANDe,MIC,1,4,E5-1,2,2,36.14,28.12,Hanlon,November,,,43.5061111,-80.21583333,340,1,0,1,,0,9,7.2,9,8.41,20,0.19,,4,1,1.08
ANDe,MIC,1,4,E5-1,2,3,34.51,28.04,Hanlon,November,,,43.5061111,-80.21583333,340,1,0,1,,0,9,7.2,9,8.41,20,0.19,,4,1,1.08
ANDe,MIC,1,4,E5-1,2,4,35.19,28.2,Hanlon,November,,,43.5061111,-80.21583333,340,1,0,1,,0,9,7.2,9,8.41,20,0.19,,4,1,1.08
ANDe,MIC,1,4,E5-1,2,5,36.21,28.16,Hanlon,November,,,43.5061111,-80.21583333,340,1,0,1,,0,9,7.2,9,8.41,20,0.19,,4,1,1.08
ANDe,MIC,1,4,E5-1,2,6,36.36,28.13,Hanlon,November,,,43.5061111,-80.21583333,340,1,0,1,,0,9,7.2,9,8.41,20,0.19,,4,1,1.08
OSMOS,Biomeme,1,5,E4,1,1,34.59,28.94,Hanlon,November,,,43.5055556,-80.21222222,330,1,0,1,,0,9,8.1,9,8.05,30,0.19,,4,1,1.04
OSMOS,Biomeme,1,5,E4,1,2,33.03,28.15,Hanlon,November,,,43.5055556,-80.21222222,330,1,0,1,,0,9,8.1,9,8.05,30,0.19,,4,1,1.04
OSMOS,Biomeme,1,5,E4,1,3,33.04,28.16,Hanlon,November,,,43.5055556,-80.21222222,330,1,0,1,,0,9,8.1,9,8.05,30,0.19,,4,1,1.04
OSMOS,Biomeme,1,5,E4,2,1,32.82,29.04,Hanlon,November,,,43.5055556,-80.21222222,330,1,0,1,,0,9,8.1,9,8.05,30,0.19,,4,1,0.99
OSMOS,Biomeme,1,5,E4,2,2,32.98,28.73,Hanlon,November,,,43.5055556,-80.21222222,330,1,0,1,,0,9,8.1,9,8.05,30,0.19,,4,1,0.99
OSMOS,Biomeme,1,5,E4,2,3,33.3,28.43,Hanlon,November,,,43.5055556,-80.21222222,330,1,0,1,,0,9,8.1,9,8.05,30,0.19,,4,1,0.99
OSMOS,MIC,1,5,E4,1,1,33.28,28.67,Hanlon,November,,,43.5055556,-80.21222222,330,1,0,1,,0,9,8.1,9,8.05,30,0.19,,4,1,1.04
OSMOS,MIC,1,5,E4,1,2,33.07,28.27,Hanlon,November,,,43.5055556,-80.21222222,330,1,0,1,,0,9,8.1,9,8.05,30,0.19,,4,1,1.04
OSMOS,MIC,1,5,E4,1,3,33.51,28.32,Hanlon,November,,,43.5055556,-80.21222222,330,1,0,1,,0,9,8.1,9,8.05,30,0.19,,4,1,1.04
OSMOS,MIC,1,5,E4,1,4,33.73,27.84,Hanlon,November,,,43.5055556,-80.21222222,330,1,0,1,,0,9,8.1,9,8.05,30,0.19,,4,1,1.04
OSMOS,MIC,1,5,E4,1,5,32.86,28.05,Hanlon,November,,,43.5055556,-80.21222222,330,1,0,1,,0,9,8.1,9,8.05,30,0.19,,4,1,1.04
OSMOS,MIC,1,5,E4,1,6,32.47,28.26,Hanlon,November,,,43.5055556,-80.21222222,330,1,0,1,,0,9,8.1,9,8.05,30,0.19,,4,1,1.04
OSMOS,MIC,1,5,E4,2,1,31.6,28.12,Hanlon,November,,,43.5055556,-80.21222222,330,1,0,1,,0,9,8.1,9,8.05,30,0.19,,4,1,0.99
OSMOS,MIC,1,5,E4,2,2,31.1,28.2,Hanlon,November,,,43.5055556,-80.21222222,330,1,0,1,,0,9,8.1,9,8.05,30,0.19,,4,1,0.99
OSMOS,MIC,1,5,E4,2,3,31.48,28.05,Hanlon,November,,,43.5055556,-80.21222222,330,1,0,1,,0,9,8.1,9,8.05,30,0.19,,4,1,0.99
OSMOS,MIC,1,5,E4,2,4,31.44,28.14,Hanlon,November,,,43.5055556,-80.21222222,330,1,0,1,,0,9,8.1,9,8.05,30,0.19,,4,1,0.99
OSMOS,MIC,1,5,E4,2,5,31.64,28.16,Hanlon,November,,,43.5055556,-80.21222222,330,1,0,1,,0,9,8.1,9,8.05,30,0.19,,4,1,0.99
OSMOS,MIC,1,5,E4,2,6,31.28,28.01,Hanlon,November,,,43.5055556,-80.21222222,330,1,0,1,,0,9,8.1,9,8.05,30,0.19,,4,1,0.99
ANDe,Biomeme,1,5,E4,1,1,33.43,27.18,Hanlon,November,,,43.5055556,-80.21222222,330,1,0,1,,0,9,8.1,9,8.05,30,0.19,,4,1,1
ANDe,Biomeme,1,5,E4,1,2,32.11,27.85,Hanlon,November,,,43.5055556,-80.21222222,330,1,0,1,,0,9,8.1,9,8.05,30,0.19,,4,1,1
ANDe,Biomeme,1,5,E4,1,3,33.78,27.4,Hanlon,November,,,43.5055556,-80.21222222,330,1,0,1,,0,9,8.1,9,8.05,30,0.19,,4,1,1
ANDe,Biomeme,1,5,E4,2,1,33.18,28.19,Hanlon,November,,,43.5055556,-80.21222222,330,1,0,1,,0,9,8.1,9,8.05,30,0.19,,4,1,1.01
ANDe,Biomeme,1,5,E4,2,2,32.09,27.08,Hanlon,November,,,43.5055556,-80.21222222,330,1,0,1,,0,9,8.1,9,8.05,30,0.19,,4,1,1.01
ANDe,Biomeme,1,5,E4,2,3,32.69,29.69,Hanlon,November,,,43.5055556,-80.21222222,330,1,0,1,,0,9,8.1,9,8.05,30,0.19,,4,1,1.01
ANDe,MIC,1,5,E4,1,1,30.89,28.09,Hanlon,November,,,43.5055556,-80.21222222,330,1,0,1,,0,9,8.1,9,8.05,30,0.19,,4,1,1
ANDe,MIC,1,5,E4,1,2,30.81,28.13,Hanlon,November,,,43.5055556,-80.21222222,330,1,0,1,,0,9,8.1,9,8.05,30,0.19,,4,1,1
ANDe,MIC,1,5,E4,1,3,31.2,28.26,Hanlon,November,,,43.5055556,-80.21222222,330,1,0,1,,0,9,8.1,9,8.05,30,0.19,,4,1,1
ANDe,MIC,1,5,E4,1,4,30.79,28.24,Hanlon,November,,,43.5055556,-80.21222222,330,1,0,1,,0,9,8.1,9,8.05,30,0.19,,4,1,1
ANDe,MIC,1,5,E4,1,5,30.86,27.95,Hanlon,November,,,43.5055556,-80.21222222,330,1,0,1,,0,9,8.1,9,8.05,30,0.19,,4,1,1
ANDe,MIC,1,5,E4,1,6,31.2,28.23,Hanlon,November,,,43.5055556,-80.21222222,330,1,0,1,,0,9,8.1,9,8.05,30,0.19,,4,1,1
ANDe,MIC,1,5,E4,2,1,30.78,28.18,Hanlon,November,,,43.5055556,-80.21222222,330,1,0,1,,0,9,8.1,9,8.05,30,0.19,,4,1,1.01
ANDe,MIC,1,5,E4,2,2,30.46,27.99,Hanlon,November,,,43.5055556,-80.21222222,330,1,0,1,,0,9,8.1,9,8.05,30,0.19,,4,1,1.01
ANDe,MIC,1,5,E4,2,3,30.57,27.96,Hanlon,November,,,43.5055556,-80.21222222,330,1,0,1,,0,9,8.1,9,8.05,30,0.19,,4,1,1.01
ANDe,MIC,1,5,E4,2,4,30.57,27.99,Hanlon,November,,,43.5055556,-80.21222222,330,1,0,1,,0,9,8.1,9,8.05,30,0.19,,4,1,1.01
ANDe,MIC,1,5,E4,2,5,30.86,28.01,Hanlon,November,,,43.5055556,-80.21222222,330,1,0,1,,0,9,8.1,9,8.05,30,0.19,,4,1,1.01
ANDe,MIC,1,5,E4,2,6,30.86,28.04,Hanlon,November,,,43.5055556,-80.21222222,330,1,0,1,,0,9,8.1,9,8.05,30,0.19,,4,1,1.01
,Biomeme,,NTC,,,,0,28.96,,,,,,,,,,,,,,,,,,,,,,
,Biomeme,,NTC,,,,0,28.14,,,,,,,,,,,,,,,,,,,,,,
,Biomeme,,NTC,,,,0,29.11,,,,,,,,,,,,,,,,,,,,,,
,Biomeme,,NTC,,,,0,29.29,,,,,,,,,,,,,,,,,,,,,,
,Biomeme,,NTC,,,,0,28.48,,,,,,,,,,,,,,,,,,,,,,
,Biomeme,,NTC,,,,0,27.48,,,,,,,,,,,,,,,,,,,,,,
,Biomeme,,NTC,,,,0,28.28,,,,,,,,,,,,,,,,,,,,,,
,Biomeme,,NTC,,,,0,28.79,,,,,,,,,,,,,,,,,,,,,,
,Biomeme,,NTC,,,,0,28.13,,,,,,,,,,,,,,,,,,,,,,
,MIC,,NTC,,,,0,27.47,,,,,,,,,,,,,,,,,,,,,,
,MIC,,NTC,,,,0,28.1,,,,,,,,,,,,,,,,,,,,,,
,MIC,,NTC,,,,0,28.34,,,,,,,,,,,,,,,,,,,,,,
,Biomeme,,PC,,,,34.25,28.44,,,,,,,,,,,,,,,,,,,,,,
,Biomeme,,PC,,,,34.87,28.93,,,,,,,,,,,,,,,,,,,,,,
,Biomeme,,PC,,,,34.36,28.32,,,,,,,,,,,,,,,,,,,,,,
,Biomeme,,PC,,,,36.02,29.29,,,,,,,,,,,,,,,,,,,,,,
,Biomeme,,PC,,,,34.27,28.72,,,,,,,,,,,,,,,,,,,,,,
,Biomeme,,PC,,,,34.19,28.34,,,,,,,,,,,,,,,,,,,,,,
,Biomeme,,PC,,,,35.46,29.04,,,,,,,,,,,,,,,,,,,,,,
,Biomeme,,PC,,,,33.16,28.36,,,,,,,,,,,,,,,,,,,,,,
,Biomeme,,PC,,,,33.55,28.09,,,,,,,,,,,,,,,,,,,,,,
,MIC,,PC,,,,28.97,27.64,,,,,,,,,,,,,,,,,,,,,,
,MIC,,PC,,,,29.18,28.46,,,,,,,,,,,,,,,,,,,,,,
,MIC,,PC,,,,29.56,28.11,,,,,,,,,,,,,,,,,,,,,,
OSMOS,MIC,4,1,Kilman,1,1,34.20182,29.05730965,Niagara,November,,,43.0716667,-79.30416667,160,0,0,1,0,0,1,4.4,8.01,11.95,20,0.23,656,2,4,1.2
OSMOS,MIC,4,1,Kilman,1,2,35.5055392,29.20006354,Niagara,November,,,43.0716667,-79.30416667,160,0,0,1,0,0,1,4.4,8.01,11.95,20,0.23,656,2,4,1.2
OSMOS,MIC,4,1,Kilman,1,3,35.4567924,29.1729402,Niagara,November,,,43.0716667,-79.30416667,160,0,0,1,0,0,1,4.4,8.01,11.95,20,0.23,656,2,4,1.2
OSMOS,MIC,4,1,Kilman,1,4,34.0939343,29.16117394,Niagara,November,,,43.0716667,-79.30416667,160,0,0,1,0,0,1,4.4,8.01,11.95,20,0.23,656,2,4,1.2
OSMOS,MIC,4,1,Kilman,1,5,36.0576642,29.10296424,Niagara,November,,,43.0716667,-79.30416667,160,0,0,1,0,0,1,4.4,8.01,11.95,20,0.23,656,2,4,1.2
OSMOS,MIC,4,1,Kilman,1,6,35.0628744,29.16854831,Niagara,November,,,43.0716667,-79.30416667,160,0,0,1,0,0,1,4.4,8.01,11.95,20,0.23,656,2,4,1.2
OSMOS,MIC,4,1,Kilman,2,1,36.287983,29.23076625,Niagara,November,,,43.0716667,-79.30416667,160,0,0,1,0,0,1,4.4,8.01,11.95,20,0.23,656,2,4,1.18
OSMOS,MIC,4,1,Kilman,2,2,35.6884942,29.15627366,Niagara,November,,,43.0716667,-79.30416667,160,0,0,1,0,0,1,4.4,8.01,11.95,20,0.23,656,2,4,1.18
OSMOS,MIC,4,1,Kilman,2,3,35.9831147,29.36665909,Niagara,November,,,43.0716667,-79.30416667,160,0,0,1,0,0,1,4.4,8.01,11.95,20,0.23,656,2,4,1.18
OSMOS,MIC,4,1,Kilman,2,4,37.3103364,29.55136931,Niagara,November,,,43.0716667,-79.30416667,160,0,0,1,0,0,1,4.4,8.01,11.95,20,0.23,656,2,4,1.18
OSMOS,MIC,4,1,Kilman,2,5,34.1832359,29.16227836,Niagara,November,,,43.0716667,-79.30416667,160,0,0,1,0,0,1,4.4,8.01,11.95,20,0.23,656,2,4,1.18
OSMOS,MIC,4,1,Kilman,2,6,35.7360017,29.49169669,Niagara,November,,,43.0716667,-79.30416667,160,0,0,1,0,0,1,4.4,8.01,11.95,20,0.23,656,2,4,1.18
ANDe,MIC,4,1,Kilman,1,1,0,29.40330914,Niagara,November,,,43.0716667,-79.30416667,160,0,0,1,0,0,1,4.4,8.01,11.95,20,0.23,656,2,4,1.19
ANDe,MIC,4,1,Kilman,1,2,0,29.26311761,Niagara,November,,,43.0716667,-79.30416667,160,0,0,1,0,0,1,4.4,8.01,11.95,20,0.23,656,2,4,1.19
ANDe,MIC,4,1,Kilman,1,3,36.1994414,29.28222629,Niagara,November,,,43.0716667,-79.30416667,160,0,0,1,0,0,1,4.4,8.01,11.95,20,0.23,656,2,4,1.19
ANDe,MIC,4,1,Kilman,1,4,0,29.3815378,Niagara,November,,,43.0716667,-79.30416667,160,0,0,1,0,0,1,4.4,8.01,11.95,20,0.23,656,2,4,1.19
ANDe,MIC,4,1,Kilman,1,5,34.5814736,29.43657742,Niagara,November,,,43.0716667,-79.30416667,160,0,0,1,0,0,1,4.4,8.01,11.95,20,0.23,656,2,4,1.19
ANDe,MIC,4,1,Kilman,1,6,37.4944231,29.32994094,Niagara,November,,,43.0716667,-79.30416667,160,0,0,1,0,0,1,4.4,8.01,11.95,20,0.23,656,2,4,1.19
ANDe,MIC,4,1,Kilman,2,1,36.1806213,29.52581772,Niagara,November,,,43.0716667,-79.30416667,160,0,0,1,0,0,1,4.4,8.01,11.95,20,0.23,656,2,4,1.19
ANDe,MIC,4,1,Kilman,2,2,35.0442343,29.29149149,Niagara,November,,,43.0716667,-79.30416667,160,0,0,1,0,0,1,4.4,8.01,11.95,20,0.23,656,2,4,1.19
ANDe,MIC,4,1,Kilman,2,3,36.4790404,29.21090607,Niagara,November,,,43.0716667,-79.30416667,160,0,0,1,0,0,1,4.4,8.01,11.95,20,0.23,656,2,4,1.19
ANDe,MIC,4,1,Kilman,2,4,35.6326604,29.26837275,Niagara,November,,,43.0716667,-79.30416667,160,0,0,1,0,0,1,4.4,8.01,11.95,20,0.23,656,2,4,1.19
ANDe,MIC,4,1,Kilman,2,5,35.2025891,29.38993379,Niagara,November,,,43.0716667,-79.30416667,160,0,0,1,0,0,1,4.4,8.01,11.95,20,0.23,656,2,4,1.19
ANDe,MIC,4,1,Kilman,2,6,35.616646,29.15215302,Niagara,November,,,43.0716667,-79.30416667,160,0,0,1,0,0,1,4.4,8.01,11.95,20,0.23,656,2,4,1.19
OSMOS,MIC,4,2,MessinaVedder,1,1,0,29.3454868,Niagara,November,,,43.0725,-79.30361111,160,0,0,1,0,0,1,4.3,8.08,11.7,10,0.1,681,4,1,1.87
OSMOS,MIC,4,2,MessinaVedder,1,2,0,29.08851774,Niagara,November,,,43.0725,-79.30361111,160,0,0,1,0,0,1,4.3,8.08,11.7,10,0.1,681,4,1,1.87
OSMOS,MIC,4,2,MessinaVedder,1,3,0,29.17098708,Niagara,November,,,43.0725,-79.30361111,160,0,0,1,0,0,1,4.3,8.08,11.7,10,0.1,681,4,1,1.87
OSMOS,MIC,4,2,MessinaVedder,1,4,0,29.43459266,Niagara,November,,,43.0725,-79.30361111,160,0,0,1,0,0,1,4.3,8.08,11.7,10,0.1,681,4,1,1.87
OSMOS,MIC,4,2,MessinaVedder,1,5,0,28.79129605,Niagara,November,,,43.0725,-79.30361111,160,0,0,1,0,0,1,4.3,8.08,11.7,10,0.1,681,4,1,1.87
OSMOS,MIC,4,2,MessinaVedder,1,6,0,29.53083767,Niagara,November,,,43.0725,-79.30361111,160,0,0,1,0,0,1,4.3,8.08,11.7,10,0.1,681,4,1,1.87
OSMOS,MIC,4,2,MessinaVedder,2,1,0,29.03846409,Niagara,November,,,43.0725,-79.30361111,160,0,0,1,0,0,1,4.3,8.08,11.7,10,0.1,681,4,1,1.16
OSMOS,MIC,4,2,MessinaVedder,2,2,0,29.00870595,Niagara,November,,,43.0725,-79.30361111,160,0,0,1,0,0,1,4.3,8.08,11.7,10,0.1,681,4,1,1.16
OSMOS,MIC,4,2,MessinaVedder,2,3,0,29.23592795,Niagara,November,,,43.0725,-79.30361111,160,0,0,1,0,0,1,4.3,8.08,11.7,10,0.1,681,4,1,1.16
OSMOS,MIC,4,2,MessinaVedder,2,4,0,28.96421413,Niagara,November,,,43.0725,-79.30361111,160,0,0,1,0,0,1,4.3,8.08,11.7,10,0.1,681,4,1,1.16
OSMOS,MIC,4,2,MessinaVedder,2,5,0,28.05500664,Niagara,November,,,43.0725,-79.30361111,160,0,0,1,0,0,1,4.3,8.08,11.7,10,0.1,681,4,1,1.16
OSMOS,MIC,4,2,MessinaVedder,2,6,0,28.05560216,Niagara,November,,,43.0725,-79.30361111,160,0,0,1,0,0,1,4.3,8.08,11.7,10,0.1,681,4,1,1.16
ANDe,MIC,4,2,MessinaVedder,1,1,0,29.28646898,Niagara,November,,,43.0725,-79.30361111,160,0,0,1,0,0,1,4.3,8.08,11.7,10,0.1,681,4,1,1.1
ANDe,MIC,4,2,MessinaVedder,1,2,0,29.29140458,Niagara,November,,,43.0725,-79.30361111,160,0,0,1,0,0,1,4.3,8.08,11.7,10,0.1,681,4,1,1.1
ANDe,MIC,4,2,MessinaVedder,1,3,0,29.12163847,Niagara,November,,,43.0725,-79.30361111,160,0,0,1,0,0,1,4.3,8.08,11.7,10,0.1,681,4,1,1.1
ANDe,MIC,4,2,MessinaVedder,1,4,0,29.16522121,Niagara,November,,,43.0725,-79.30361111,160,0,0,1,0,0,1,4.3,8.08,11.7,10,0.1,681,4,1,1.1
ANDe,MIC,4,2,MessinaVedder,1,5,0,29.02725266,Niagara,November,,,43.0725,-79.30361111,160,0,0,1,0,0,1,4.3,8.08,11.7,10,0.1,681,4,1,1.1
ANDe,MIC,4,2,MessinaVedder,1,6,0,29.18045993,Niagara,November,,,43.0725,-79.30361111,160,0,0,1,0,0,1,4.3,8.08,11.7,10,0.1,681,4,1,1.1
ANDe,MIC,4,2,MessinaVedder,2,1,0,29.38011079,Niagara,November,,,43.0725,-79.30361111,160,0,0,1,0,0,1,4.3,8.08,11.7,10,0.1,681,4,1,0.99
ANDe,MIC,4,2,MessinaVedder,2,2,0,29.18221557,Niagara,November,,,43.0725,-79.30361111,160,0,0,1,0,0,1,4.3,8.08,11.7,10,0.1,681,4,1,0.99
ANDe,MIC,4,2,MessinaVedder,2,3,0,29.168006,Niagara,November,,,43.0725,-79.30361111,160,0,0,1,0,0,1,4.3,8.08,11.7,10,0.1,681,4,1,0.99
ANDe,MIC,4,2,MessinaVedder,2,4,0,29.22508049,Niagara,November,,,43.0725,-79.30361111,160,0,0,1,0,0,1,4.3,8.08,11.7,10,0.1,681,4,1,0.99
ANDe,MIC,4,2,MessinaVedder,2,5,0,29.53902037,Niagara,November,,,43.0725,-79.30361111,160,0,0,1,0,0,1,4.3,8.08,11.7,10,0.1,681,4,1,0.99
ANDe,MIC,4,2,MessinaVedder,2,6,0,28.22047634,Niagara,November,,,43.0725,-79.30361111,160,0,0,1,0,0,1,4.3,8.08,11.7,10,0.1,681,4,1,0.99
OSMOS,MIC,6,3,Michalko,1,1,0,28.20493302,Niagara,November,,,43.0869444,-79.29194444,123,0,0,0,0,1,2,3.2,8.41,13.88,10,0.36,771,4,1,1.18
OSMOS,MIC,6,3,Michalko,1,2,0,27.96451567,Niagara,November,,,43.0869444,-79.29194444,123,0,0,0,0,1,2,3.2,8.41,13.88,10,0.36,771,4,1,1.18
OSMOS,MIC,6,3,Michalko,1,3,35.18387613,28.05266484,Niagara,November,,,43.0869444,-79.29194444,123,0,0,0,0,1,2,3.2,8.41,13.88,10,0.36,771,4,1,1.18
OSMOS,MIC,6,3,Michalko,1,4,0,28.05880518,Niagara,November,,,43.0869444,-79.29194444,123,0,0,0,0,1,2,3.2,8.41,13.88,10,0.36,771,4,1,1.18
OSMOS,MIC,6,3,Michalko,1,5,36.42318731,28.1175804,Niagara,November,,,43.0869444,-79.29194444,123,0,0,0,0,1,2,3.2,8.41,13.88,10,0.36,771,4,1,1.18
OSMOS,MIC,6,3,Michalko,1,6,0,28.17900415,Niagara,November,,,43.0869444,-79.29194444,123,0,0,0,0,1,2,3.2,8.41,13.88,10,0.36,771,4,1,1.18
OSMOS,MIC,6,3,Michalko,2,1,0,28.08766044,Niagara,November,,,43.0869444,-79.29194444,123,0,0,0,0,1,2,3.2,8.41,13.88,10,0.36,771,4,1,1.21
OSMOS,MIC,6,3,Michalko,2,2,36.31556705,28.35759667,Niagara,November,,,43.0869444,-79.29194444,123,0,0,0,0,1,2,3.2,8.41,13.88,10,0.36,771,4,1,1.21
OSMOS,MIC,6,3,Michalko,2,3,34.41512798,28.05504799,Niagara,November,,,43.0869444,-79.29194444,123,0,0,0,0,1,2,3.2,8.41,13.88,10,0.36,771,4,1,1.21
OSMOS,MIC,6,3,Michalko,2,4,35.82044247,28.2454906,Niagara,November,,,43.0869444,-79.29194444,123,0,0,0,0,1,2,3.2,8.41,13.88,10,0.36,771,4,1,1.21
OSMOS,MIC,6,3,Michalko,2,5,37.24874876,28.03903519,Niagara,November,,,43.0869444,-79.29194444,123,0,0,0,0,1,2,3.2,8.41,13.88,10,0.36,771,4,1,1.21
OSMOS,MIC,6,3,Michalko,2,6,35.43742841,28.24266562,Niagara,November,,,43.0869444,-79.29194444,123,0,0,0,0,1,2,3.2,8.41,13.88,10,0.36,771,4,1,1.21
ANDe,MIC,6,3,Michalko,1,1,35.47058957,28.41006973,Niagara,November,,,43.0869444,-79.29194444,123,0,0,0,0,1,2,3.2,8.41,13.88,10,0.36,771,4,1,1.05
ANDe,MIC,6,3,Michalko,1,2,0,28.23485804,Niagara,November,,,43.0869444,-79.29194444,123,0,0,0,0,1,2,3.2,8.41,13.88,10,0.36,771,4,1,1.05
ANDe,MIC,6,3,Michalko,1,3,0,28.12936717,Niagara,November,,,43.0869444,-79.29194444,123,0,0,0,0,1,2,3.2,8.41,13.88,10,0.36,771,4,1,1.05
ANDe,MIC,6,3,Michalko,1,4,36.00070236,28.27055409,Niagara,November,,,43.0869444,-79.29194444,123,0,0,0,0,1,2,3.2,8.41,13.88,10,0.36,771,4,1,1.05
ANDe,MIC,6,3,Michalko,1,5,36.4165313,28.26794879,Niagara,November,,,43.0869444,-79.29194444,123,0,0,0,0,1,2,3.2,8.41,13.88,10,0.36,771,4,1,1.05
ANDe,MIC,6,3,Michalko,1,6,36.53498162,28.33274659,Niagara,November,,,43.0869444,-79.29194444,123,0,0,0,0,1,2,3.2,8.41,13.88,10,0.36,771,4,1,1.05
ANDe,MIC,6,3,Michalko,2,1,36.9344253,28.36175183,Niagara,November,,,43.0869444,-79.29194444,123,0,0,0,0,1,2,3.2,8.41,13.88,10,0.36,771,4,1,1.02
ANDe,MIC,6,3,Michalko,2,2,0,28.05509781,Niagara,November,,,43.0869444,-79.29194444,123,0,0,0,0,1,2,3.2,8.41,13.88,10,0.36,771,4,1,1.02
ANDe,MIC,6,3,Michalko,2,3,36.23686501,28.06235119,Niagara,November,,,43.0869444,-79.29194444,123,0,0,0,0,1,2,3.2,8.41,13.88,10,0.36,771,4,1,1.02
ANDe,MIC,6,3,Michalko,2,4,35.65686085,28.21691738,Niagara,November,,,43.0869444,-79.29194444,123,0,0,0,0,1,2,3.2,8.41,13.88,10,0.36,771,4,1,1.02
ANDe,MIC,6,3,Michalko,2,5,35.89769285,28.10551987,Niagara,November,,,43.0869444,-79.29194444,123,0,0,0,0,1,2,3.2,8.41,13.88,10,0.36,771,4,1,1.02
ANDe,MIC,6,3,Michalko,2,6,0,28.01977384,Niagara,November,,,43.0869444,-79.29194444,123,0,0,0,0,1,2,3.2,8.41,13.88,10,0.36,771,4,1,1.02
OSMOS,MIC,5,4,Freure1,1,1,0,28.03951754,Niagara,November,,,43.0638889,-79.275,160,0,0,0,0,1,2,4.5,7.91,10.2,40,0.16,928,4,1,1.06
OSMOS,MIC,5,4,Freure1,1,2,0,27.93624759,Niagara,November,,,43.0638889,-79.275,160,0,0,0,0,1,2,4.5,7.91,10.2,40,0.16,928,4,1,1.06
OSMOS,MIC,5,4,Freure1,1,3,0,28.00145699,Niagara,November,,,43.0638889,-79.275,160,0,0,0,0,1,2,4.5,7.91,10.2,40,0.16,928,4,1,1.06
OSMOS,MIC,5,4,Freure1,1,4,0,28.06414387,Niagara,November,,,43.0638889,-79.275,160,0,0,0,0,1,2,4.5,7.91,10.2,40,0.16,928,4,1,1.06
OSMOS,MIC,5,4,Freure1,1,5,0,28.03785088,Niagara,November,,,43.0638889,-79.275,160,0,0,0,0,1,2,4.5,7.91,10.2,40,0.16,928,4,1,1.06
OSMOS,MIC,5,4,Freure1,1,6,0,28.03190116,Niagara,November,,,43.0638889,-79.275,160,0,0,0,0,1,2,4.5,7.91,10.2,40,0.16,928,4,1,1.06
OSMOS,MIC,5,4,Freure1,2,1,0,27.9690721,Niagara,November,,,43.0638889,-79.275,160,0,0,0,0,1,2,4.5,7.91,10.2,40,0.16,928,4,1,1.07
OSMOS,MIC,5,4,Freure1,2,2,0,28.2390716,Niagara,November,,,43.0638889,-79.275,160,0,0,0,0,1,2,4.5,7.91,10.2,40,0.16,928,4,1,1.07
OSMOS,MIC,5,4,Freure1,2,3,0,28.57155332,Niagara,November,,,43.0638889,-79.275,160,0,0,0,0,1,2,4.5,7.91,10.2,40,0.16,928,4,1,1.07
OSMOS,MIC,5,4,Freure1,2,4,0,28.24894702,Niagara,November,,,43.0638889,-79.275,160,0,0,0,0,1,2,4.5,7.91,10.2,40,0.16,928,4,1,1.07
OSMOS,MIC,5,4,Freure1,2,5,0,28.13460683,Niagara,November,,,43.0638889,-79.275,160,0,0,0,0,1,2,4.5,7.91,10.2,40,0.16,928,4,1,1.07
OSMOS,MIC,5,4,Freure1,2,6,0,28.1539617,Niagara,November,,,43.0638889,-79.275,160,0,0,0,0,1,2,4.5,7.91,10.2,40,0.16,928,4,1,1.07
ANDe,MIC,5,4,Freure1,1,1,0,28.10380142,Niagara,November,,,43.0638889,-79.275,160,0,0,0,0,1,2,4.5,7.91,10.2,40,0.16,928,4,1,1.03
ANDe,MIC,5,4,Freure1,1,2,0,28.08417602,Niagara,November,,,43.0638889,-79.275,160,0,0,0,0,1,2,4.5,7.91,10.2,40,0.16,928,4,1,1.03
ANDe,MIC,5,4,Freure1,1,3,0,28.03255532,Niagara,November,,,43.0638889,-79.275,160,0,0,0,0,1,2,4.5,7.91,10.2,40,0.16,928,4,1,1.03
ANDe,MIC,5,4,Freure1,1,4,0,27.9903693,Niagara,November,,,43.0638889,-79.275,160,0,0,0,0,1,2,4.5,7.91,10.2,40,0.16,928,4,1,1.03
ANDe,MIC,5,4,Freure1,1,5,0,28.27090276,Niagara,November,,,43.0638889,-79.275,160,0,0,0,0,1,2,4.5,7.91,10.2,40,0.16,928,4,1,1.03
ANDe,MIC,5,4,Freure1,1,6,0,27.95642199,Niagara,November,,,43.0638889,-79.275,160,0,0,0,0,1,2,4.5,7.91,10.2,40,0.16,928,4,1,1.03
ANDe,MIC,5,4,Freure1,2,1,0,28.12887722,Niagara,November,,,43.0638889,-79.275,160,0,0,0,0,1,2,4.5,7.91,10.2,40,0.16,928,4,1,1.02
ANDe,MIC,5,4,Freure1,2,2,0,28.19693321,Niagara,November,,,43.0638889,-79.275,160,0,0,0,0,1,2,4.5,7.91,10.2,40,0.16,928,4,1,1.02
ANDe,MIC,5,4,Freure1,2,3,0,27.98817807,Niagara,November,,,43.0638889,-79.275,160,0,0,0,0,1,2,4.5,7.91,10.2,40,0.16,928,4,1,1.02
ANDe,MIC,5,4,Freure1,2,4,0,27.80666062,Niagara,November,,,43.0638889,-79.275,160,0,0,0,0,1,2,4.5,7.91,10.2,40,0.16,928,4,1,1.02
ANDe,MIC,5,4,Freure1,2,5,36.83659107,28.03749563,Niagara,November,,,43.0638889,-79.275,160,0,0,0,0,1,2,4.5,7.91,10.2,40,0.16,928,4,1,1.02
ANDe,MIC,5,4,Freure1,2,6,0,28.28982435,Niagara,November,,,43.0638889,-79.275,160,0,0,0,0,1,2,4.5,7.91,10.2,40,0.16,928,4,1,1.02
OSMOS,MIC,5,5,Freure2,1,1,0,28.12923804,Niagara,November,,,43.0638889,-79.275,160,0,0,0,0,1,2,5.9,8.05,11.21,30,0.33,850,4,1,1.13
OSMOS,MIC,5,5,Freure2,1,2,0,27.99691447,Niagara,November,,,43.0638889,-79.275,160,0,0,0,0,1,2,5.9,8.05,11.21,30,0.33,850,4,1,1.13
OSMOS,MIC,5,5,Freure2,1,3,36.51087285,28.17353523,Niagara,November,,,43.0638889,-79.275,160,0,0,0,0,1,2,5.9,8.05,11.21,30,0.33,850,4,1,1.13
OSMOS,MIC,5,5,Freure2,1,4,35.66790186,28.037415,Niagara,November,,,43.0638889,-79.275,160,0,0,0,0,1,2,5.9,8.05,11.21,30,0.33,850,4,1,1.13
OSMOS,MIC,5,5,Freure2,1,5,0,28.01607889,Niagara,November,,,43.0638889,-79.275,160,0,0,0,0,1,2,5.9,8.05,11.21,30,0.33,850,4,1,1.13
OSMOS,MIC,5,5,Freure2,1,6,0,28.0894404,Niagara,November,,,43.0638889,-79.275,160,0,0,0,0,1,2,5.9,8.05,11.21,30,0.33,850,4,1,1.13
OSMOS,MIC,5,5,Freure2,2,1,0,28.07424488,Niagara,November,,,43.0638889,-79.275,160,0,0,0,0,1,2,5.9,8.05,11.21,30,0.33,850,4,1,1.07
OSMOS,MIC,5,5,Freure2,2,2,0,28.21330779,Niagara,November,,,43.0638889,-79.275,160,0,0,0,0,1,2,5.9,8.05,11.21,30,0.33,850,4,1,1.07
OSMOS,MIC,5,5,Freure2,2,3,0,28.10089128,Niagara,November,,,43.0638889,-79.275,160,0,0,0,0,1,2,5.9,8.05,11.21,30,0.33,850,4,1,1.07
OSMOS,MIC,5,5,Freure2,2,4,0,28.03439228,Niagara,November,,,43.0638889,-79.275,160,0,0,0,0,1,2,5.9,8.05,11.21,30,0.33,850,4,1,1.07
OSMOS,MIC,5,5,Freure2,2,5,36.86521374,28.33152927,Niagara,November,,,43.0638889,-79.275,160,0,0,0,0,1,2,5.9,8.05,11.21,30,0.33,850,4,1,1.07
OSMOS,MIC,5,5,Freure2,2,6,0,28.08675333,Niagara,November,,,43.0638889,-79.275,160,0,0,0,0,1,2,5.9,8.05,11.21,30,0.33,850,4,1,1.07
ANDe,MIC,5,5,Freure2,1,1,0,28.26198015,Niagara,November,,,43.0638889,-79.275,160,0,0,0,0,1,2,5.9,8.05,11.21,30,0.33,850,4,1,1.01
ANDe,MIC,5,5,Freure2,1,2,0,28.14516391,Niagara,November,,,43.0638889,-79.275,160,0,0,0,0,1,2,5.9,8.05,11.21,30,0.33,850,4,1,1.01
ANDe,MIC,5,5,Freure2,1,3,0,28.09633465,Niagara,November,,,43.0638889,-79.275,160,0,0,0,0,1,2,5.9,8.05,11.21,30,0.33,850,4,1,1.01
ANDe,MIC,5,5,Freure2,1,4,0,28.00342075,Niagara,November,,,43.0638889,-79.275,160,0,0,0,0,1,2,5.9,8.05,11.21,30,0.33,850,4,1,1.01
ANDe,MIC,5,5,Freure2,1,5,0,27.95563989,Niagara,November,,,43.0638889,-79.275,160,0,0,0,0,1,2,5.9,8.05,11.21,30,0.33,850,4,1,1.01
ANDe,MIC,5,5,Freure2,1,6,0,28.10470767,Niagara,November,,,43.0638889,-79.275,160,0,0,0,0,1,2,5.9,8.05,11.21,30,0.33,850,4,1,1.01
ANDe,MIC,5,5,Freure2,2,1,0,28.02900375,Niagara,November,,,43.0638889,-79.275,160,0,0,0,0,1,2,5.9,8.05,11.21,30,0.33,850,4,1,0.99
ANDe,MIC,5,5,Freure2,2,2,0,28.13190715,Niagara,November,,,43.0638889,-79.275,160,0,0,0,0,1,2,5.9,8.05,11.21,30,0.33,850,4,1,0.99
ANDe,MIC,5,5,Freure2,2,3,0,28.13765761,Niagara,November,,,43.0638889,-79.275,160,0,0,0,0,1,2,5.9,8.05,11.21,30,0.33,850,4,1,0.99
ANDe,MIC,5,5,Freure2,2,4,0,28.17794357,Niagara,November,,,43.0638889,-79.275,160,0,0,0,0,1,2,5.9,8.05,11.21,30,0.33,850,4,1,0.99
ANDe,MIC,5,5,Freure2,2,5,0,28.19230129,Niagara,November,,,43.0638889,-79.275,160,0,0,0,0,1,2,5.9,8.05,11.21,30,0.33,850,4,1,0.99
ANDe,MIC,5,5,Freure2,2,6,0,27.99953226,Niagara,November,,,43.0638889,-79.275,160,0,0,0,0,1,2,5.9,8.05,11.21,30,0.33,850,4,1,0.99
OSMOS,MIC,4,6,Overholt,1,1,0,28.02949307,Niagara,November,,,43.0605556,-79.28055556,170,0,0,0,1,0,2,5.4,8.33,11.78,10,0.12,898,4,1,1.07
OSMOS,MIC,4,6,Overholt,1,2,0,28.27466676,Niagara,November,,,43.0605556,-79.28055556,170,0,0,0,1,0,2,5.4,8.33,11.78,10,0.12,898,4,1,1.07
OSMOS,MIC,4,6,Overholt,1,3,0,28.16550522,Niagara,November,,,43.0605556,-79.28055556,170,0,0,0,1,0,2,5.4,8.33,11.78,10,0.12,898,4,1,1.07
OSMOS,MIC,4,6,Overholt,1,4,0,28.22313522,Niagara,November,,,43.0605556,-79.28055556,170,0,0,0,1,0,2,5.4,8.33,11.78,10,0.12,898,4,1,1.07
OSMOS,MIC,4,6,Overholt,1,5,37.07870358,28.22665596,Niagara,November,,,43.0605556,-79.28055556,170,0,0,0,1,0,2,5.4,8.33,11.78,10,0.12,898,4,1,1.07
OSMOS,MIC,4,6,Overholt,1,6,0,28.11368839,Niagara,November,,,43.0605556,-79.28055556,170,0,0,0,1,0,2,5.4,8.33,11.78,10,0.12,898,4,1,1.07
OSMOS,MIC,4,6,Overholt,2,1,0,28.03703551,Niagara,November,,,43.0605556,-79.28055556,170,0,0,0,1,0,2,5.4,8.33,11.78,10,0.12,898,4,1,1.18
OSMOS,MIC,4,6,Overholt,2,2,0,28.00851267,Niagara,November,,,43.0605556,-79.28055556,170,0,0,0,1,0,2,5.4,8.33,11.78,10,0.12,898,4,1,1.18
OSMOS,MIC,4,6,Overholt,2,3,0,27.76282899,Niagara,November,,,43.0605556,-79.28055556,170,0,0,0,1,0,2,5.4,8.33,11.78,10,0.12,898,4,1,1.18
OSMOS,MIC,4,6,Overholt,2,4,36.03618032,28.42395154,Niagara,November,,,43.0605556,-79.28055556,170,0,0,0,1,0,2,5.4,8.33,11.78,10,0.12,898,4,1,1.18
OSMOS,MIC,4,6,Overholt,2,5,0,27.94439649,Niagara,November,,,43.0605556,-79.28055556,170,0,0,0,1,0,2,5.4,8.33,11.78,10,0.12,898,4,1,1.18
OSMOS,MIC,4,6,Overholt,2,6,0,28.09555087,Niagara,November,,,43.0605556,-79.28055556,170,0,0,0,1,0,2,5.4,8.33,11.78,10,0.12,898,4,1,1.18
ANDe,MIC,4,6,Overholt,1,1,0,28.1357609,Niagara,November,,,43.0605556,-79.28055556,170,0,0,0,1,0,2,5.4,8.33,11.78,10,0.12,898,4,1,1.05
ANDe,MIC,4,6,Overholt,1,2,37.08985495,28.25521744,Niagara,November,,,43.0605556,-79.28055556,170,0,0,0,1,0,2,5.4,8.33,11.78,10,0.12,898,4,1,1.05
ANDe,MIC,4,6,Overholt,1,3,0,28.29615308,Niagara,November,,,43.0605556,-79.28055556,170,0,0,0,1,0,2,5.4,8.33,11.78,10,0.12,898,4,1,1.05
ANDe,MIC,4,6,Overholt,1,4,0,28.23237699,Niagara,November,,,43.0605556,-79.28055556,170,0,0,0,1,0,2,5.4,8.33,11.78,10,0.12,898,4,1,1.05
ANDe,MIC,4,6,Overholt,1,5,0,27.9643216,Niagara,November,,,43.0605556,-79.28055556,170,0,0,0,1,0,2,5.4,8.33,11.78,10,0.12,898,4,1,1.05
ANDe,MIC,4,6,Overholt,1,6,0,28.03126489,Niagara,November,,,43.0605556,-79.28055556,170,0,0,0,1,0,2,5.4,8.33,11.78,10,0.12,898,4,1,1.05
ANDe,MIC,4,6,Overholt,2,1,35.69048494,28.0087099,Niagara,November,,,43.0605556,-79.28055556,170,0,0,0,1,0,2,5.4,8.33,11.78,10,0.12,898,4,1,1.05
ANDe,MIC,4,6,Overholt,2,2,0,28.04350165,Niagara,November,,,43.0605556,-79.28055556,170,0,0,0,1,0,2,5.4,8.33,11.78,10,0.12,898,4,1,1.05
ANDe,MIC,4,6,Overholt,2,3,0,28.0684332,Niagara,November,,,43.0605556,-79.28055556,170,0,0,0,1,0,2,5.4,8.33,11.78,10,0.12,898,4,1,1.05
ANDe,MIC,4,6,Overholt,2,4,0,28.14211666,Niagara,November,,,43.0605556,-79.28055556,170,0,0,0,1,0,2,5.4,8.33,11.78,10,0.12,898,4,1,1.05
ANDe,MIC,4,6,Overholt,2,5,36.25845337,28.09241428,Niagara,November,,,43.0605556,-79.28055556,170,0,0,0,1,0,2,5.4,8.33,11.78,10,0.12,898,4,1,1.05
ANDe,MIC,4,6,Overholt,2,6,36.5409231,28.00529664,Niagara,November,,,43.0605556,-79.28055556,170,0,0,0,1,0,2,5.4,8.33,11.78,10,0.12,898,4,1,1.05
,MIC,,NTC,,,,0.00,28.17,,,,,,,,,,,,,,,,,,,,,,
,MIC,,NTC,,,,0.00,28.27,,,,,,,,,,,,,,,,,,,,,,
,MIC,,NTC,,,,0.00,28.33,,,,,,,,,,,,,,,,,,,,,,
,MIC,,NTC,,,,0.00,28.34,,,,,,,,,,,,,,,,,,,,,,
,MIC,,NTC,,,,0.00,28.08,,,,,,,,,,,,,,,,,,,,,,
,MIC,,NTC,,,,0.00,28.17,,,,,,,,,,,,,,,,,,,,,,
,MIC,,IPC,,,,29.31,28.46,,,,,,,,,,,,,,,,,,,,,,
,MIC,,IPC,,,,29.35,28.45,,,,,,,,,,,,,,,,,,,,,,
,MIC,,IPC,,,,29.47,29.52,,,,,,,,,,,,,,,,,,,,,,
